#
# TABLE STRUCTURE FOR: communities
#

DROP TABLE IF EXISTS `communities`;

CREATE TABLE `communities` (
  `id` int(10) unsigned NOT NULL AUTO_INCREMENT,
  `name` varchar(150) COLLATE utf8_unicode_ci NOT NULL,
  PRIMARY KEY (`id`),
  UNIQUE KEY `name` (`name`)
) ENGINE=InnoDB AUTO_INCREMENT=101 DEFAULT CHARSET=utf8 COLLATE=utf8_unicode_ci;

INSERT INTO `communities` (`id`, `name`) VALUES (67, 'Animi recusandae optio totam enim saepe.');
INSERT INTO `communities` (`id`, `name`) VALUES (45, 'Architecto itaque eos dolore sed praesentium.');
INSERT INTO `communities` (`id`, `name`) VALUES (52, 'Architecto voluptatem sint a quisquam temporibus commodi est.');
INSERT INTO `communities` (`id`, `name`) VALUES (18, 'At consequatur ratione minus voluptas impedit facere explicabo.');
INSERT INTO `communities` (`id`, `name`) VALUES (5, 'Atque aperiam sequi vel pariatur quo.');
INSERT INTO `communities` (`id`, `name`) VALUES (100, 'Atque excepturi et incidunt.');
INSERT INTO `communities` (`id`, `name`) VALUES (11, 'Aut at exercitationem soluta ut officiis ex accusantium.');
INSERT INTO `communities` (`id`, `name`) VALUES (6, 'Aut dolor aut ut amet sunt quisquam.');
INSERT INTO `communities` (`id`, `name`) VALUES (53, 'Aut maiores blanditiis vel dolore iste similique consequatur.');
INSERT INTO `communities` (`id`, `name`) VALUES (39, 'Aut maxime veniam dignissimos.');
INSERT INTO `communities` (`id`, `name`) VALUES (14, 'Aut quo quo tempore in aliquam sint consequatur molestiae.');
INSERT INTO `communities` (`id`, `name`) VALUES (32, 'Aut rem vitae quis illo.');
INSERT INTO `communities` (`id`, `name`) VALUES (79, 'Aut tenetur esse ipsam.');
INSERT INTO `communities` (`id`, `name`) VALUES (89, 'Aut voluptas aliquam suscipit nam consectetur mollitia.');
INSERT INTO `communities` (`id`, `name`) VALUES (83, 'Autem blanditiis veritatis esse.');
INSERT INTO `communities` (`id`, `name`) VALUES (13, 'Culpa qui qui qui harum.');
INSERT INTO `communities` (`id`, `name`) VALUES (27, 'Cumque corrupti numquam velit laudantium ea dolorem consequatur.');
INSERT INTO `communities` (`id`, `name`) VALUES (51, 'Cumque quis eligendi porro facilis aut.');
INSERT INTO `communities` (`id`, `name`) VALUES (68, 'Cupiditate cupiditate optio veniam dolores atque.');
INSERT INTO `communities` (`id`, `name`) VALUES (46, 'Debitis consectetur quidem reprehenderit perferendis aut inventore et.');
INSERT INTO `communities` (`id`, `name`) VALUES (30, 'Debitis consequatur rerum sed sit officiis dolores et.');
INSERT INTO `communities` (`id`, `name`) VALUES (7, 'Deserunt aperiam cupiditate vero perferendis molestiae.');
INSERT INTO `communities` (`id`, `name`) VALUES (44, 'Deserunt nihil exercitationem aliquid est omnis.');
INSERT INTO `communities` (`id`, `name`) VALUES (86, 'Dicta et nemo qui in.');
INSERT INTO `communities` (`id`, `name`) VALUES (22, 'Dolor sequi modi veritatis nihil.');
INSERT INTO `communities` (`id`, `name`) VALUES (28, 'Dolorem qui dignissimos non molestiae.');
INSERT INTO `communities` (`id`, `name`) VALUES (10, 'Doloribus tenetur tenetur illum exercitationem non.');
INSERT INTO `communities` (`id`, `name`) VALUES (41, 'Ea et aliquam sed nisi repellat qui vero odit.');
INSERT INTO `communities` (`id`, `name`) VALUES (71, 'Eos nihil perspiciatis amet est quis minus qui.');
INSERT INTO `communities` (`id`, `name`) VALUES (99, 'Est doloremque et aut autem modi voluptatem.');
INSERT INTO `communities` (`id`, `name`) VALUES (50, 'Est et beatae explicabo.');
INSERT INTO `communities` (`id`, `name`) VALUES (65, 'Et aut et et qui qui maxime.');
INSERT INTO `communities` (`id`, `name`) VALUES (74, 'Et enim nam blanditiis laudantium consequuntur aliquid.');
INSERT INTO `communities` (`id`, `name`) VALUES (4, 'Et exercitationem aut illo eligendi rerum alias amet.');
INSERT INTO `communities` (`id`, `name`) VALUES (25, 'Et laborum omnis officia dignissimos.');
INSERT INTO `communities` (`id`, `name`) VALUES (66, 'Et nulla recusandae alias et et voluptatem maxime.');
INSERT INTO `communities` (`id`, `name`) VALUES (20, 'Et sed nostrum totam aut sint.');
INSERT INTO `communities` (`id`, `name`) VALUES (69, 'Et vel dicta ipsam consequatur sit.');
INSERT INTO `communities` (`id`, `name`) VALUES (61, 'Eum consectetur commodi veritatis aut.');
INSERT INTO `communities` (`id`, `name`) VALUES (17, 'Ex earum similique quas libero ut.');
INSERT INTO `communities` (`id`, `name`) VALUES (56, 'Ex facere omnis enim deleniti asperiores accusamus.');
INSERT INTO `communities` (`id`, `name`) VALUES (35, 'Exercitationem dolorem odio in corrupti minima omnis earum.');
INSERT INTO `communities` (`id`, `name`) VALUES (38, 'Facilis quis ex quo quia ut impedit corrupti dolorem.');
INSERT INTO `communities` (`id`, `name`) VALUES (1, 'Fuga veritatis voluptates quae et.');
INSERT INTO `communities` (`id`, `name`) VALUES (75, 'Id eum quos ut aut eum.');
INSERT INTO `communities` (`id`, `name`) VALUES (31, 'Id nemo porro sed ratione iure.');
INSERT INTO `communities` (`id`, `name`) VALUES (82, 'Illo quas quod adipisci.');
INSERT INTO `communities` (`id`, `name`) VALUES (95, 'Incidunt fuga impedit est blanditiis enim quaerat.');
INSERT INTO `communities` (`id`, `name`) VALUES (54, 'Incidunt ut iusto assumenda quae magni.');
INSERT INTO `communities` (`id`, `name`) VALUES (85, 'Ipsa vero beatae minus rerum ut a non voluptatem.');
INSERT INTO `communities` (`id`, `name`) VALUES (78, 'Iure magnam doloribus eum.');
INSERT INTO `communities` (`id`, `name`) VALUES (93, 'Laudantium ad similique qui natus.');
INSERT INTO `communities` (`id`, `name`) VALUES (12, 'Magni ut et eius culpa distinctio debitis.');
INSERT INTO `communities` (`id`, `name`) VALUES (49, 'Maxime consequatur sint voluptatem et omnis velit.');
INSERT INTO `communities` (`id`, `name`) VALUES (98, 'Minus aliquam et at qui.');
INSERT INTO `communities` (`id`, `name`) VALUES (84, 'Molestiae consequatur sint recusandae magni molestias est pariatur fuga.');
INSERT INTO `communities` (`id`, `name`) VALUES (34, 'Molestiae qui placeat veritatis similique pariatur expedita ut.');
INSERT INTO `communities` (`id`, `name`) VALUES (87, 'Molestias aut suscipit doloribus ipsa quasi.');
INSERT INTO `communities` (`id`, `name`) VALUES (55, 'Neque dolorem illum et adipisci.');
INSERT INTO `communities` (`id`, `name`) VALUES (73, 'Nostrum similique ab nihil ea id animi tempora.');
INSERT INTO `communities` (`id`, `name`) VALUES (70, 'Officiis cupiditate cum voluptas enim.');
INSERT INTO `communities` (`id`, `name`) VALUES (64, 'Omnis et quas excepturi sed.');
INSERT INTO `communities` (`id`, `name`) VALUES (36, 'Omnis nam ut suscipit omnis inventore ullam.');
INSERT INTO `communities` (`id`, `name`) VALUES (91, 'Omnis possimus eaque omnis sunt velit saepe id.');
INSERT INTO `communities` (`id`, `name`) VALUES (2, 'Perspiciatis perferendis veniam et dolorem est temporibus.');
INSERT INTO `communities` (`id`, `name`) VALUES (94, 'Quaerat odio possimus similique eaque sint quia.');
INSERT INTO `communities` (`id`, `name`) VALUES (43, 'Quasi ratione error est.');
INSERT INTO `communities` (`id`, `name`) VALUES (47, 'Qui et nobis quia voluptate facere aut voluptas sunt.');
INSERT INTO `communities` (`id`, `name`) VALUES (24, 'Qui officiis dolor in quaerat.');
INSERT INTO `communities` (`id`, `name`) VALUES (21, 'Quia a sit est et.');
INSERT INTO `communities` (`id`, `name`) VALUES (97, 'Quia cumque magni aut ut ex doloribus laborum.');
INSERT INTO `communities` (`id`, `name`) VALUES (96, 'Quia eius et accusamus ad fuga temporibus id incidunt.');
INSERT INTO `communities` (`id`, `name`) VALUES (37, 'Quia hic facilis commodi sint occaecati doloremque.');
INSERT INTO `communities` (`id`, `name`) VALUES (81, 'Quisquam at consequatur optio eos.');
INSERT INTO `communities` (`id`, `name`) VALUES (63, 'Rem commodi et quo minima.');
INSERT INTO `communities` (`id`, `name`) VALUES (92, 'Repellendus dicta qui distinctio animi mollitia asperiores aut.');
INSERT INTO `communities` (`id`, `name`) VALUES (33, 'Repellendus magni facilis sunt ut velit porro maxime et.');
INSERT INTO `communities` (`id`, `name`) VALUES (72, 'Repudiandae aut nihil fuga architecto.');
INSERT INTO `communities` (`id`, `name`) VALUES (15, 'Rerum est laboriosam sit accusantium.');
INSERT INTO `communities` (`id`, `name`) VALUES (29, 'Saepe delectus ut nisi et et non.');
INSERT INTO `communities` (`id`, `name`) VALUES (8, 'Sapiente itaque et excepturi sit voluptatem.');
INSERT INTO `communities` (`id`, `name`) VALUES (76, 'Sed consequuntur fugiat quasi ipsa voluptas voluptate rem.');
INSERT INTO `communities` (`id`, `name`) VALUES (60, 'Sint rem optio iusto atque praesentium molestiae.');
INSERT INTO `communities` (`id`, `name`) VALUES (59, 'Sit atque deserunt voluptatum non.');
INSERT INTO `communities` (`id`, `name`) VALUES (80, 'Sit suscipit doloremque qui architecto fuga.');
INSERT INTO `communities` (`id`, `name`) VALUES (88, 'Sunt atque eius est dignissimos omnis molestias.');
INSERT INTO `communities` (`id`, `name`) VALUES (16, 'Sunt voluptatibus incidunt a earum aut officiis.');
INSERT INTO `communities` (`id`, `name`) VALUES (48, 'Tempora aut et consequatur omnis explicabo eum et nihil.');
INSERT INTO `communities` (`id`, `name`) VALUES (23, 'Tenetur ut ipsam consequatur ut.');
INSERT INTO `communities` (`id`, `name`) VALUES (62, 'Ullam maxime est esse natus aliquam quos blanditiis.');
INSERT INTO `communities` (`id`, `name`) VALUES (58, 'Ut cupiditate qui ex accusantium sapiente eum.');
INSERT INTO `communities` (`id`, `name`) VALUES (19, 'Ut est consequatur sequi voluptates.');
INSERT INTO `communities` (`id`, `name`) VALUES (9, 'Ut nemo velit iure.');
INSERT INTO `communities` (`id`, `name`) VALUES (26, 'Ut repellat temporibus molestiae quasi laboriosam magnam.');
INSERT INTO `communities` (`id`, `name`) VALUES (77, 'Ut sit et et facilis.');
INSERT INTO `communities` (`id`, `name`) VALUES (42, 'Veniam praesentium provident dolor dignissimos.');
INSERT INTO `communities` (`id`, `name`) VALUES (3, 'Veritatis ut voluptates accusamus assumenda natus voluptas et.');
INSERT INTO `communities` (`id`, `name`) VALUES (40, 'Voluptas repellat qui quisquam et hic.');
INSERT INTO `communities` (`id`, `name`) VALUES (90, 'Voluptas sed id nihil iure quos qui.');
INSERT INTO `communities` (`id`, `name`) VALUES (57, 'Voluptatum sunt nemo dolorum facilis consequatur.');


#
# TABLE STRUCTURE FOR: communities_users
#

DROP TABLE IF EXISTS `communities_users`;

CREATE TABLE `communities_users` (
  `community_id` int(10) unsigned NOT NULL,
  `user_id` int(10) unsigned NOT NULL,
  PRIMARY KEY (`community_id`,`user_id`)
) ENGINE=InnoDB DEFAULT CHARSET=utf8 COLLATE=utf8_unicode_ci;

INSERT INTO `communities_users` (`community_id`, `user_id`) VALUES (1, 9);
INSERT INTO `communities_users` (`community_id`, `user_id`) VALUES (2, 35);
INSERT INTO `communities_users` (`community_id`, `user_id`) VALUES (2, 87);
INSERT INTO `communities_users` (`community_id`, `user_id`) VALUES (3, 53);
INSERT INTO `communities_users` (`community_id`, `user_id`) VALUES (3, 61);
INSERT INTO `communities_users` (`community_id`, `user_id`) VALUES (4, 38);
INSERT INTO `communities_users` (`community_id`, `user_id`) VALUES (4, 77);
INSERT INTO `communities_users` (`community_id`, `user_id`) VALUES (8, 13);
INSERT INTO `communities_users` (`community_id`, `user_id`) VALUES (8, 97);
INSERT INTO `communities_users` (`community_id`, `user_id`) VALUES (9, 2);
INSERT INTO `communities_users` (`community_id`, `user_id`) VALUES (11, 14);
INSERT INTO `communities_users` (`community_id`, `user_id`) VALUES (11, 54);
INSERT INTO `communities_users` (`community_id`, `user_id`) VALUES (12, 89);
INSERT INTO `communities_users` (`community_id`, `user_id`) VALUES (13, 7);
INSERT INTO `communities_users` (`community_id`, `user_id`) VALUES (14, 91);
INSERT INTO `communities_users` (`community_id`, `user_id`) VALUES (16, 12);
INSERT INTO `communities_users` (`community_id`, `user_id`) VALUES (17, 17);
INSERT INTO `communities_users` (`community_id`, `user_id`) VALUES (17, 46);
INSERT INTO `communities_users` (`community_id`, `user_id`) VALUES (17, 65);
INSERT INTO `communities_users` (`community_id`, `user_id`) VALUES (18, 41);
INSERT INTO `communities_users` (`community_id`, `user_id`) VALUES (19, 91);
INSERT INTO `communities_users` (`community_id`, `user_id`) VALUES (22, 36);
INSERT INTO `communities_users` (`community_id`, `user_id`) VALUES (22, 56);
INSERT INTO `communities_users` (`community_id`, `user_id`) VALUES (24, 88);
INSERT INTO `communities_users` (`community_id`, `user_id`) VALUES (25, 45);
INSERT INTO `communities_users` (`community_id`, `user_id`) VALUES (25, 93);
INSERT INTO `communities_users` (`community_id`, `user_id`) VALUES (26, 38);
INSERT INTO `communities_users` (`community_id`, `user_id`) VALUES (26, 42);
INSERT INTO `communities_users` (`community_id`, `user_id`) VALUES (26, 80);
INSERT INTO `communities_users` (`community_id`, `user_id`) VALUES (32, 61);
INSERT INTO `communities_users` (`community_id`, `user_id`) VALUES (32, 95);
INSERT INTO `communities_users` (`community_id`, `user_id`) VALUES (33, 32);
INSERT INTO `communities_users` (`community_id`, `user_id`) VALUES (33, 71);
INSERT INTO `communities_users` (`community_id`, `user_id`) VALUES (34, 72);
INSERT INTO `communities_users` (`community_id`, `user_id`) VALUES (35, 3);
INSERT INTO `communities_users` (`community_id`, `user_id`) VALUES (35, 9);
INSERT INTO `communities_users` (`community_id`, `user_id`) VALUES (36, 15);
INSERT INTO `communities_users` (`community_id`, `user_id`) VALUES (38, 91);
INSERT INTO `communities_users` (`community_id`, `user_id`) VALUES (40, 28);
INSERT INTO `communities_users` (`community_id`, `user_id`) VALUES (40, 83);
INSERT INTO `communities_users` (`community_id`, `user_id`) VALUES (41, 8);
INSERT INTO `communities_users` (`community_id`, `user_id`) VALUES (41, 25);
INSERT INTO `communities_users` (`community_id`, `user_id`) VALUES (45, 2);
INSERT INTO `communities_users` (`community_id`, `user_id`) VALUES (45, 13);
INSERT INTO `communities_users` (`community_id`, `user_id`) VALUES (45, 19);
INSERT INTO `communities_users` (`community_id`, `user_id`) VALUES (47, 29);
INSERT INTO `communities_users` (`community_id`, `user_id`) VALUES (47, 72);
INSERT INTO `communities_users` (`community_id`, `user_id`) VALUES (50, 3);
INSERT INTO `communities_users` (`community_id`, `user_id`) VALUES (50, 38);
INSERT INTO `communities_users` (`community_id`, `user_id`) VALUES (50, 49);
INSERT INTO `communities_users` (`community_id`, `user_id`) VALUES (50, 89);
INSERT INTO `communities_users` (`community_id`, `user_id`) VALUES (51, 18);
INSERT INTO `communities_users` (`community_id`, `user_id`) VALUES (51, 34);
INSERT INTO `communities_users` (`community_id`, `user_id`) VALUES (51, 83);
INSERT INTO `communities_users` (`community_id`, `user_id`) VALUES (52, 6);
INSERT INTO `communities_users` (`community_id`, `user_id`) VALUES (52, 78);
INSERT INTO `communities_users` (`community_id`, `user_id`) VALUES (54, 69);
INSERT INTO `communities_users` (`community_id`, `user_id`) VALUES (56, 8);
INSERT INTO `communities_users` (`community_id`, `user_id`) VALUES (57, 13);
INSERT INTO `communities_users` (`community_id`, `user_id`) VALUES (57, 31);
INSERT INTO `communities_users` (`community_id`, `user_id`) VALUES (58, 19);
INSERT INTO `communities_users` (`community_id`, `user_id`) VALUES (59, 3);
INSERT INTO `communities_users` (`community_id`, `user_id`) VALUES (61, 47);
INSERT INTO `communities_users` (`community_id`, `user_id`) VALUES (62, 17);
INSERT INTO `communities_users` (`community_id`, `user_id`) VALUES (63, 13);
INSERT INTO `communities_users` (`community_id`, `user_id`) VALUES (63, 15);
INSERT INTO `communities_users` (`community_id`, `user_id`) VALUES (63, 16);
INSERT INTO `communities_users` (`community_id`, `user_id`) VALUES (63, 49);
INSERT INTO `communities_users` (`community_id`, `user_id`) VALUES (64, 96);
INSERT INTO `communities_users` (`community_id`, `user_id`) VALUES (67, 85);
INSERT INTO `communities_users` (`community_id`, `user_id`) VALUES (67, 87);
INSERT INTO `communities_users` (`community_id`, `user_id`) VALUES (68, 30);
INSERT INTO `communities_users` (`community_id`, `user_id`) VALUES (68, 78);
INSERT INTO `communities_users` (`community_id`, `user_id`) VALUES (70, 64);
INSERT INTO `communities_users` (`community_id`, `user_id`) VALUES (70, 91);
INSERT INTO `communities_users` (`community_id`, `user_id`) VALUES (73, 60);
INSERT INTO `communities_users` (`community_id`, `user_id`) VALUES (74, 63);
INSERT INTO `communities_users` (`community_id`, `user_id`) VALUES (75, 71);
INSERT INTO `communities_users` (`community_id`, `user_id`) VALUES (76, 79);
INSERT INTO `communities_users` (`community_id`, `user_id`) VALUES (78, 11);
INSERT INTO `communities_users` (`community_id`, `user_id`) VALUES (79, 15);
INSERT INTO `communities_users` (`community_id`, `user_id`) VALUES (81, 67);
INSERT INTO `communities_users` (`community_id`, `user_id`) VALUES (81, 75);
INSERT INTO `communities_users` (`community_id`, `user_id`) VALUES (82, 96);
INSERT INTO `communities_users` (`community_id`, `user_id`) VALUES (83, 23);
INSERT INTO `communities_users` (`community_id`, `user_id`) VALUES (83, 97);
INSERT INTO `communities_users` (`community_id`, `user_id`) VALUES (84, 40);
INSERT INTO `communities_users` (`community_id`, `user_id`) VALUES (84, 63);
INSERT INTO `communities_users` (`community_id`, `user_id`) VALUES (85, 19);
INSERT INTO `communities_users` (`community_id`, `user_id`) VALUES (89, 33);
INSERT INTO `communities_users` (`community_id`, `user_id`) VALUES (89, 63);
INSERT INTO `communities_users` (`community_id`, `user_id`) VALUES (92, 13);
INSERT INTO `communities_users` (`community_id`, `user_id`) VALUES (92, 17);
INSERT INTO `communities_users` (`community_id`, `user_id`) VALUES (95, 26);
INSERT INTO `communities_users` (`community_id`, `user_id`) VALUES (95, 38);
INSERT INTO `communities_users` (`community_id`, `user_id`) VALUES (96, 76);
INSERT INTO `communities_users` (`community_id`, `user_id`) VALUES (97, 56);
INSERT INTO `communities_users` (`community_id`, `user_id`) VALUES (98, 23);
INSERT INTO `communities_users` (`community_id`, `user_id`) VALUES (98, 71);
INSERT INTO `communities_users` (`community_id`, `user_id`) VALUES (99, 4);


#
# TABLE STRUCTURE FOR: friendship
#

DROP TABLE IF EXISTS `friendship`;

CREATE TABLE `friendship` (
  `user_id` int(10) unsigned NOT NULL,
  `friend_id` int(10) unsigned NOT NULL,
  `status_id` int(10) unsigned NOT NULL,
  `requested_at` datetime DEFAULT current_timestamp(),
  `confirmed_at` datetime DEFAULT NULL,
  PRIMARY KEY (`user_id`,`friend_id`)
) ENGINE=InnoDB DEFAULT CHARSET=utf8 COLLATE=utf8_unicode_ci;

INSERT INTO `friendship` (`user_id`, `friend_id`, `status_id`, `requested_at`, `confirmed_at`) VALUES (1, 7, 2, '2018-12-12 03:26:10', '1997-08-09 07:31:18');
INSERT INTO `friendship` (`user_id`, `friend_id`, `status_id`, `requested_at`, `confirmed_at`) VALUES (2, 75, 1, '2020-03-27 19:12:51', '2009-12-14 14:26:14');
INSERT INTO `friendship` (`user_id`, `friend_id`, `status_id`, `requested_at`, `confirmed_at`) VALUES (3, 81, 1, '2017-11-02 16:33:10', '2018-03-13 21:50:36');
INSERT INTO `friendship` (`user_id`, `friend_id`, `status_id`, `requested_at`, `confirmed_at`) VALUES (6, 73, 1, '2019-06-07 10:33:20', '2011-02-04 09:58:06');
INSERT INTO `friendship` (`user_id`, `friend_id`, `status_id`, `requested_at`, `confirmed_at`) VALUES (7, 87, 1, '2016-08-28 09:09:14', '2018-03-03 19:18:20');
INSERT INTO `friendship` (`user_id`, `friend_id`, `status_id`, `requested_at`, `confirmed_at`) VALUES (10, 56, 1, '2018-03-07 15:30:42', '2006-04-09 01:52:07');
INSERT INTO `friendship` (`user_id`, `friend_id`, `status_id`, `requested_at`, `confirmed_at`) VALUES (11, 23, 1, '2016-08-11 19:31:44', '2016-05-21 01:31:49');
INSERT INTO `friendship` (`user_id`, `friend_id`, `status_id`, `requested_at`, `confirmed_at`) VALUES (12, 41, 2, '2019-01-10 05:24:46', '2002-06-01 17:35:42');
INSERT INTO `friendship` (`user_id`, `friend_id`, `status_id`, `requested_at`, `confirmed_at`) VALUES (14, 19, 1, '2016-07-25 02:40:44', '2000-09-23 15:09:41');
INSERT INTO `friendship` (`user_id`, `friend_id`, `status_id`, `requested_at`, `confirmed_at`) VALUES (14, 23, 2, '2017-12-24 13:32:54', '2011-07-21 23:12:51');
INSERT INTO `friendship` (`user_id`, `friend_id`, `status_id`, `requested_at`, `confirmed_at`) VALUES (15, 51, 2, '2019-02-01 12:25:12', '2004-09-21 22:10:15');
INSERT INTO `friendship` (`user_id`, `friend_id`, `status_id`, `requested_at`, `confirmed_at`) VALUES (16, 14, 1, '2017-10-01 09:43:07', '2012-11-16 11:21:02');
INSERT INTO `friendship` (`user_id`, `friend_id`, `status_id`, `requested_at`, `confirmed_at`) VALUES (20, 24, 2, '2018-12-11 19:35:05', '2017-09-16 11:34:02');
INSERT INTO `friendship` (`user_id`, `friend_id`, `status_id`, `requested_at`, `confirmed_at`) VALUES (20, 74, 1, '2016-06-01 09:43:40', '2018-01-19 12:35:20');
INSERT INTO `friendship` (`user_id`, `friend_id`, `status_id`, `requested_at`, `confirmed_at`) VALUES (21, 10, 2, '2019-06-20 13:20:59', '1995-02-01 00:56:57');
INSERT INTO `friendship` (`user_id`, `friend_id`, `status_id`, `requested_at`, `confirmed_at`) VALUES (21, 65, 1, '2016-07-27 02:57:19', '2018-02-04 17:35:43');
INSERT INTO `friendship` (`user_id`, `friend_id`, `status_id`, `requested_at`, `confirmed_at`) VALUES (23, 71, 1, '2016-06-13 01:30:43', '2008-04-24 01:10:26');
INSERT INTO `friendship` (`user_id`, `friend_id`, `status_id`, `requested_at`, `confirmed_at`) VALUES (23, 91, 1, '2016-01-22 18:44:35', '2009-03-21 23:17:26');
INSERT INTO `friendship` (`user_id`, `friend_id`, `status_id`, `requested_at`, `confirmed_at`) VALUES (24, 59, 2, '2017-12-11 00:28:04', '2007-11-05 13:03:19');
INSERT INTO `friendship` (`user_id`, `friend_id`, `status_id`, `requested_at`, `confirmed_at`) VALUES (25, 37, 2, '2015-05-31 04:27:08', '1999-02-28 20:50:26');
INSERT INTO `friendship` (`user_id`, `friend_id`, `status_id`, `requested_at`, `confirmed_at`) VALUES (26, 18, 1, '2018-05-17 11:02:12', '2006-09-16 20:00:00');
INSERT INTO `friendship` (`user_id`, `friend_id`, `status_id`, `requested_at`, `confirmed_at`) VALUES (28, 43, 2, '2019-11-22 06:58:15', '1999-09-20 21:11:14');
INSERT INTO `friendship` (`user_id`, `friend_id`, `status_id`, `requested_at`, `confirmed_at`) VALUES (29, 55, 1, '2016-09-01 18:21:19', '1990-08-14 14:22:00');
INSERT INTO `friendship` (`user_id`, `friend_id`, `status_id`, `requested_at`, `confirmed_at`) VALUES (30, 7, 1, '2016-01-29 00:56:47', '2007-09-01 14:56:36');
INSERT INTO `friendship` (`user_id`, `friend_id`, `status_id`, `requested_at`, `confirmed_at`) VALUES (32, 4, 2, '2017-04-05 13:59:20', '2003-04-08 19:50:04');
INSERT INTO `friendship` (`user_id`, `friend_id`, `status_id`, `requested_at`, `confirmed_at`) VALUES (32, 42, 1, '2018-08-06 00:44:54', '1994-07-30 05:49:49');
INSERT INTO `friendship` (`user_id`, `friend_id`, `status_id`, `requested_at`, `confirmed_at`) VALUES (32, 63, 1, '2016-03-29 08:49:30', '2006-04-02 18:51:18');
INSERT INTO `friendship` (`user_id`, `friend_id`, `status_id`, `requested_at`, `confirmed_at`) VALUES (33, 59, 1, '2016-11-08 15:27:35', '1993-09-23 19:02:41');
INSERT INTO `friendship` (`user_id`, `friend_id`, `status_id`, `requested_at`, `confirmed_at`) VALUES (34, 50, 2, '2018-08-26 12:19:43', '2011-06-21 14:22:27');
INSERT INTO `friendship` (`user_id`, `friend_id`, `status_id`, `requested_at`, `confirmed_at`) VALUES (35, 2, 2, '2020-04-02 04:52:16', '1999-03-16 08:38:43');
INSERT INTO `friendship` (`user_id`, `friend_id`, `status_id`, `requested_at`, `confirmed_at`) VALUES (35, 23, 2, '2018-04-09 09:48:01', '2000-11-27 17:44:38');
INSERT INTO `friendship` (`user_id`, `friend_id`, `status_id`, `requested_at`, `confirmed_at`) VALUES (35, 88, 1, '2017-04-10 13:49:46', '1991-02-04 02:10:41');
INSERT INTO `friendship` (`user_id`, `friend_id`, `status_id`, `requested_at`, `confirmed_at`) VALUES (36, 45, 2, '2019-12-16 03:23:42', '1994-01-30 18:40:49');
INSERT INTO `friendship` (`user_id`, `friend_id`, `status_id`, `requested_at`, `confirmed_at`) VALUES (36, 65, 2, '2017-09-05 21:36:22', '1995-01-25 14:15:05');
INSERT INTO `friendship` (`user_id`, `friend_id`, `status_id`, `requested_at`, `confirmed_at`) VALUES (39, 66, 2, '2015-06-22 13:45:20', '2009-04-06 17:19:03');
INSERT INTO `friendship` (`user_id`, `friend_id`, `status_id`, `requested_at`, `confirmed_at`) VALUES (40, 37, 2, '2018-11-03 18:48:29', '2000-11-29 17:48:56');
INSERT INTO `friendship` (`user_id`, `friend_id`, `status_id`, `requested_at`, `confirmed_at`) VALUES (41, 37, 1, '2016-07-10 11:44:53', '1992-05-22 23:26:35');
INSERT INTO `friendship` (`user_id`, `friend_id`, `status_id`, `requested_at`, `confirmed_at`) VALUES (41, 56, 1, '2017-02-08 19:58:17', '2003-05-02 09:23:02');
INSERT INTO `friendship` (`user_id`, `friend_id`, `status_id`, `requested_at`, `confirmed_at`) VALUES (44, 3, 1, '2017-06-05 19:23:50', '2008-09-25 07:25:17');
INSERT INTO `friendship` (`user_id`, `friend_id`, `status_id`, `requested_at`, `confirmed_at`) VALUES (44, 91, 1, '2019-09-09 18:41:07', '2012-11-21 08:08:00');
INSERT INTO `friendship` (`user_id`, `friend_id`, `status_id`, `requested_at`, `confirmed_at`) VALUES (45, 41, 1, '2016-04-09 03:30:21', '2009-01-24 20:38:26');
INSERT INTO `friendship` (`user_id`, `friend_id`, `status_id`, `requested_at`, `confirmed_at`) VALUES (46, 25, 1, '2018-03-16 23:58:11', '1990-07-28 00:27:26');
INSERT INTO `friendship` (`user_id`, `friend_id`, `status_id`, `requested_at`, `confirmed_at`) VALUES (46, 26, 1, '2016-03-13 20:26:52', '1991-01-17 12:33:07');
INSERT INTO `friendship` (`user_id`, `friend_id`, `status_id`, `requested_at`, `confirmed_at`) VALUES (46, 42, 2, '2016-02-20 00:51:54', '1995-08-26 10:25:05');
INSERT INTO `friendship` (`user_id`, `friend_id`, `status_id`, `requested_at`, `confirmed_at`) VALUES (46, 49, 2, '2018-08-25 10:11:47', '2009-11-07 07:12:10');
INSERT INTO `friendship` (`user_id`, `friend_id`, `status_id`, `requested_at`, `confirmed_at`) VALUES (46, 68, 1, '2018-09-22 12:22:48', '2004-12-12 07:46:47');
INSERT INTO `friendship` (`user_id`, `friend_id`, `status_id`, `requested_at`, `confirmed_at`) VALUES (48, 29, 2, '2017-05-23 22:08:42', '1995-03-12 03:25:09');
INSERT INTO `friendship` (`user_id`, `friend_id`, `status_id`, `requested_at`, `confirmed_at`) VALUES (48, 34, 1, '2019-02-21 21:40:27', '2018-04-05 10:37:11');
INSERT INTO `friendship` (`user_id`, `friend_id`, `status_id`, `requested_at`, `confirmed_at`) VALUES (48, 40, 1, '2015-09-16 10:35:28', '2000-08-05 16:24:11');
INSERT INTO `friendship` (`user_id`, `friend_id`, `status_id`, `requested_at`, `confirmed_at`) VALUES (48, 42, 1, '2016-10-18 17:11:23', '2001-01-07 15:22:43');
INSERT INTO `friendship` (`user_id`, `friend_id`, `status_id`, `requested_at`, `confirmed_at`) VALUES (49, 53, 1, '2017-02-05 03:53:25', '1999-04-17 20:25:02');
INSERT INTO `friendship` (`user_id`, `friend_id`, `status_id`, `requested_at`, `confirmed_at`) VALUES (50, 1, 2, '2017-03-30 12:40:10', '2000-08-30 20:59:44');
INSERT INTO `friendship` (`user_id`, `friend_id`, `status_id`, `requested_at`, `confirmed_at`) VALUES (50, 59, 2, '2018-01-24 06:39:42', '1999-04-02 00:15:38');
INSERT INTO `friendship` (`user_id`, `friend_id`, `status_id`, `requested_at`, `confirmed_at`) VALUES (52, 28, 1, '2018-06-06 05:03:36', '1993-11-18 20:26:49');
INSERT INTO `friendship` (`user_id`, `friend_id`, `status_id`, `requested_at`, `confirmed_at`) VALUES (52, 46, 2, '2016-10-27 00:12:55', '2020-02-13 14:08:51');
INSERT INTO `friendship` (`user_id`, `friend_id`, `status_id`, `requested_at`, `confirmed_at`) VALUES (53, 1, 1, '2015-05-07 04:48:09', '1999-05-07 13:41:36');
INSERT INTO `friendship` (`user_id`, `friend_id`, `status_id`, `requested_at`, `confirmed_at`) VALUES (53, 29, 2, '2017-01-24 00:29:31', '2017-06-14 21:26:23');
INSERT INTO `friendship` (`user_id`, `friend_id`, `status_id`, `requested_at`, `confirmed_at`) VALUES (56, 96, 1, '2019-09-02 11:41:34', '2010-02-07 12:52:16');
INSERT INTO `friendship` (`user_id`, `friend_id`, `status_id`, `requested_at`, `confirmed_at`) VALUES (57, 1, 2, '2019-10-22 18:40:36', '1993-07-05 21:32:02');
INSERT INTO `friendship` (`user_id`, `friend_id`, `status_id`, `requested_at`, `confirmed_at`) VALUES (57, 81, 1, '2019-12-02 11:46:14', '1998-08-01 06:43:38');
INSERT INTO `friendship` (`user_id`, `friend_id`, `status_id`, `requested_at`, `confirmed_at`) VALUES (61, 20, 2, '2017-12-13 19:17:55', '2010-09-05 23:15:25');
INSERT INTO `friendship` (`user_id`, `friend_id`, `status_id`, `requested_at`, `confirmed_at`) VALUES (61, 93, 1, '2019-08-16 06:43:35', '2019-10-25 00:17:33');
INSERT INTO `friendship` (`user_id`, `friend_id`, `status_id`, `requested_at`, `confirmed_at`) VALUES (61, 99, 2, '2019-10-28 00:51:05', '2007-05-12 08:42:32');
INSERT INTO `friendship` (`user_id`, `friend_id`, `status_id`, `requested_at`, `confirmed_at`) VALUES (63, 55, 1, '2018-01-24 04:25:56', '1998-09-06 17:41:14');
INSERT INTO `friendship` (`user_id`, `friend_id`, `status_id`, `requested_at`, `confirmed_at`) VALUES (63, 63, 1, '2017-11-07 04:02:43', '1994-10-31 09:25:55');
INSERT INTO `friendship` (`user_id`, `friend_id`, `status_id`, `requested_at`, `confirmed_at`) VALUES (66, 42, 1, '2016-05-29 22:04:39', '2016-03-26 17:13:52');
INSERT INTO `friendship` (`user_id`, `friend_id`, `status_id`, `requested_at`, `confirmed_at`) VALUES (68, 22, 2, '2018-09-06 16:12:40', '1993-08-07 12:31:11');
INSERT INTO `friendship` (`user_id`, `friend_id`, `status_id`, `requested_at`, `confirmed_at`) VALUES (69, 38, 2, '2016-05-01 04:18:53', '2001-10-16 13:04:46');
INSERT INTO `friendship` (`user_id`, `friend_id`, `status_id`, `requested_at`, `confirmed_at`) VALUES (70, 34, 2, '2020-02-24 23:48:53', '2015-08-02 04:41:12');
INSERT INTO `friendship` (`user_id`, `friend_id`, `status_id`, `requested_at`, `confirmed_at`) VALUES (71, 8, 2, '2018-06-07 23:17:48', '2002-08-20 22:00:14');
INSERT INTO `friendship` (`user_id`, `friend_id`, `status_id`, `requested_at`, `confirmed_at`) VALUES (72, 18, 1, '2018-03-28 23:36:12', '1993-06-25 02:55:40');
INSERT INTO `friendship` (`user_id`, `friend_id`, `status_id`, `requested_at`, `confirmed_at`) VALUES (72, 20, 2, '2019-10-04 18:05:02', '2013-03-08 12:12:18');
INSERT INTO `friendship` (`user_id`, `friend_id`, `status_id`, `requested_at`, `confirmed_at`) VALUES (72, 92, 1, '2016-10-24 17:53:50', '2017-09-19 16:59:11');
INSERT INTO `friendship` (`user_id`, `friend_id`, `status_id`, `requested_at`, `confirmed_at`) VALUES (73, 6, 2, '2018-04-04 13:43:31', '2011-12-17 16:29:12');
INSERT INTO `friendship` (`user_id`, `friend_id`, `status_id`, `requested_at`, `confirmed_at`) VALUES (73, 89, 2, '2019-08-18 18:17:00', '2004-09-10 19:24:33');
INSERT INTO `friendship` (`user_id`, `friend_id`, `status_id`, `requested_at`, `confirmed_at`) VALUES (74, 20, 2, '2017-05-18 12:25:28', '1994-12-15 09:28:38');
INSERT INTO `friendship` (`user_id`, `friend_id`, `status_id`, `requested_at`, `confirmed_at`) VALUES (75, 87, 1, '2015-05-16 22:47:19', '2001-02-16 23:43:02');
INSERT INTO `friendship` (`user_id`, `friend_id`, `status_id`, `requested_at`, `confirmed_at`) VALUES (76, 34, 1, '2019-12-04 13:47:46', '2008-04-13 11:40:45');
INSERT INTO `friendship` (`user_id`, `friend_id`, `status_id`, `requested_at`, `confirmed_at`) VALUES (76, 42, 1, '2015-08-30 13:53:41', '2003-09-24 04:06:43');
INSERT INTO `friendship` (`user_id`, `friend_id`, `status_id`, `requested_at`, `confirmed_at`) VALUES (77, 60, 1, '2018-01-24 12:44:59', '1998-08-14 21:22:16');
INSERT INTO `friendship` (`user_id`, `friend_id`, `status_id`, `requested_at`, `confirmed_at`) VALUES (79, 87, 2, '2016-02-12 19:00:31', '1998-07-21 17:51:27');
INSERT INTO `friendship` (`user_id`, `friend_id`, `status_id`, `requested_at`, `confirmed_at`) VALUES (79, 93, 1, '2019-08-29 11:46:33', '1998-09-28 05:44:54');
INSERT INTO `friendship` (`user_id`, `friend_id`, `status_id`, `requested_at`, `confirmed_at`) VALUES (80, 40, 2, '2018-08-31 20:27:37', '2010-03-23 04:49:33');
INSERT INTO `friendship` (`user_id`, `friend_id`, `status_id`, `requested_at`, `confirmed_at`) VALUES (81, 4, 2, '2020-02-09 08:10:56', '1997-09-07 15:56:04');
INSERT INTO `friendship` (`user_id`, `friend_id`, `status_id`, `requested_at`, `confirmed_at`) VALUES (81, 53, 1, '2020-01-08 20:53:03', '1992-02-01 19:00:14');
INSERT INTO `friendship` (`user_id`, `friend_id`, `status_id`, `requested_at`, `confirmed_at`) VALUES (81, 75, 1, '2020-01-11 18:52:15', '2019-05-29 06:55:14');
INSERT INTO `friendship` (`user_id`, `friend_id`, `status_id`, `requested_at`, `confirmed_at`) VALUES (82, 23, 2, '2016-08-30 04:11:51', '2014-09-21 04:24:05');
INSERT INTO `friendship` (`user_id`, `friend_id`, `status_id`, `requested_at`, `confirmed_at`) VALUES (84, 67, 1, '2017-01-12 11:53:34', '2014-02-11 13:46:22');
INSERT INTO `friendship` (`user_id`, `friend_id`, `status_id`, `requested_at`, `confirmed_at`) VALUES (87, 43, 2, '2020-02-16 02:01:00', '2010-08-14 07:28:19');
INSERT INTO `friendship` (`user_id`, `friend_id`, `status_id`, `requested_at`, `confirmed_at`) VALUES (90, 72, 1, '2017-10-25 07:27:37', '1993-04-02 07:05:59');
INSERT INTO `friendship` (`user_id`, `friend_id`, `status_id`, `requested_at`, `confirmed_at`) VALUES (91, 49, 1, '2019-02-01 10:49:43', '2005-12-24 19:34:33');
INSERT INTO `friendship` (`user_id`, `friend_id`, `status_id`, `requested_at`, `confirmed_at`) VALUES (91, 98, 1, '2017-07-12 20:41:03', '1996-03-02 10:30:17');
INSERT INTO `friendship` (`user_id`, `friend_id`, `status_id`, `requested_at`, `confirmed_at`) VALUES (92, 74, 1, '2017-05-18 12:28:53', '2012-10-20 05:26:34');
INSERT INTO `friendship` (`user_id`, `friend_id`, `status_id`, `requested_at`, `confirmed_at`) VALUES (92, 81, 1, '2019-12-22 14:41:23', '2008-03-05 19:54:48');
INSERT INTO `friendship` (`user_id`, `friend_id`, `status_id`, `requested_at`, `confirmed_at`) VALUES (94, 100, 2, '2017-05-02 02:24:27', '2000-08-20 01:17:04');
INSERT INTO `friendship` (`user_id`, `friend_id`, `status_id`, `requested_at`, `confirmed_at`) VALUES (97, 20, 2, '2020-02-24 21:04:25', '2006-11-23 02:05:11');
INSERT INTO `friendship` (`user_id`, `friend_id`, `status_id`, `requested_at`, `confirmed_at`) VALUES (97, 32, 2, '2018-10-04 12:54:24', '1990-06-23 19:31:11');
INSERT INTO `friendship` (`user_id`, `friend_id`, `status_id`, `requested_at`, `confirmed_at`) VALUES (98, 38, 1, '2019-03-01 05:08:09', '2003-10-02 00:13:11');
INSERT INTO `friendship` (`user_id`, `friend_id`, `status_id`, `requested_at`, `confirmed_at`) VALUES (99, 18, 2, '2015-06-26 03:28:25', '1992-08-28 08:41:21');
INSERT INTO `friendship` (`user_id`, `friend_id`, `status_id`, `requested_at`, `confirmed_at`) VALUES (100, 6, 2, '2019-12-01 09:43:20', '2004-11-10 18:58:56');


#
# TABLE STRUCTURE FOR: friendship_statuses
#

DROP TABLE IF EXISTS `friendship_statuses`;

CREATE TABLE `friendship_statuses` (
  `id` int(10) unsigned NOT NULL AUTO_INCREMENT,
  `name` varchar(150) COLLATE utf8_unicode_ci NOT NULL,
  PRIMARY KEY (`id`),
  UNIQUE KEY `name` (`name`)
) ENGINE=InnoDB AUTO_INCREMENT=3 DEFAULT CHARSET=utf8 COLLATE=utf8_unicode_ci;

INSERT INTO `friendship_statuses` (`id`, `name`) VALUES (1, 'dolores');
INSERT INTO `friendship_statuses` (`id`, `name`) VALUES (2, 'praesentium');


#
# TABLE STRUCTURE FOR: media
#

DROP TABLE IF EXISTS `media`;

CREATE TABLE `media` (
  `id` int(10) unsigned NOT NULL AUTO_INCREMENT,
  `media_type_id` int(10) unsigned NOT NULL,
  `user_id` int(10) unsigned NOT NULL,
  `filename` varchar(255) COLLATE utf8_unicode_ci NOT NULL,
  `size` int(11) NOT NULL,
  `metadata` longtext CHARACTER SET utf8mb4 COLLATE utf8mb4_bin DEFAULT NULL,
  `created_at` datetime DEFAULT current_timestamp(),
  `updated_at` datetime DEFAULT current_timestamp() ON UPDATE current_timestamp(),
  PRIMARY KEY (`id`)
) ENGINE=InnoDB AUTO_INCREMENT=101 DEFAULT CHARSET=utf8 COLLATE=utf8_unicode_ci;

INSERT INTO `media` (`id`, `media_type_id`, `user_id`, `filename`, `size`, `metadata`, `created_at`, `updated_at`) VALUES (1, 1, 1, 'aperiam', 9345, 'Nobis eos cum voluptatem voluptate rerum. Earum qui eum tempore ea debitis consectetur aut inventore. Voluptatem nisi aliquam ea omnis rerum necessitatibus occaecati.', '2011-10-26 14:46:36', '2018-01-16 14:36:31');
INSERT INTO `media` (`id`, `media_type_id`, `user_id`, `filename`, `size`, `metadata`, `created_at`, `updated_at`) VALUES (2, 2, 2, 'voluptatem', 59, 'Voluptatibus aliquam omnis inventore facilis. Autem ea ratione veniam sunt eum.', '2013-03-02 13:35:42', '2015-09-08 23:52:26');
INSERT INTO `media` (`id`, `media_type_id`, `user_id`, `filename`, `size`, `metadata`, `created_at`, `updated_at`) VALUES (3, 3, 3, 'facere', 83551589, 'Vero voluptate inventore mollitia repudiandae quis odio aut sed. Molestiae et beatae ipsam. Et nihil provident quia ex et omnis et quis. Praesentium harum quos ipsum.', '2013-08-17 10:19:22', '2018-09-16 18:57:58');
INSERT INTO `media` (`id`, `media_type_id`, `user_id`, `filename`, `size`, `metadata`, `created_at`, `updated_at`) VALUES (4, 4, 4, 'pariatur', 4414, 'Dolore veritatis earum autem sint earum eligendi quo. At eaque natus harum distinctio iste et. Est eum necessitatibus ut reprehenderit beatae ea.', '2014-04-10 15:31:06', '2016-03-18 08:19:44');
INSERT INTO `media` (`id`, `media_type_id`, `user_id`, `filename`, `size`, `metadata`, `created_at`, `updated_at`) VALUES (5, 5, 5, 'dolores', 8, 'Reprehenderit voluptatibus atque doloribus qui dolores repudiandae in ipsum. Recusandae saepe nesciunt blanditiis quia inventore fuga tempore. Sit voluptas aut rerum. Et non occaecati nesciunt.', '2011-10-26 03:17:51', '2015-11-28 22:06:57');
INSERT INTO `media` (`id`, `media_type_id`, `user_id`, `filename`, `size`, `metadata`, `created_at`, `updated_at`) VALUES (6, 6, 6, 'eveniet', 963799, 'Saepe saepe ut nihil suscipit. Itaque corrupti qui ut velit vitae et et dolore. Non sapiente ut ex vel et.\nRepellat sunt enim suscipit facere. Dicta mollitia eos unde ipsum.', '2011-07-29 09:20:44', '2019-04-04 16:18:35');
INSERT INTO `media` (`id`, `media_type_id`, `user_id`, `filename`, `size`, `metadata`, `created_at`, `updated_at`) VALUES (7, 7, 7, 'et', 408633786, 'Explicabo perferendis fugiat officiis quia qui tempore quis. Ut dolore sint dolore dignissimos nihil. Itaque in et sit dolor et dolorum consequatur. Cumque sit soluta aut tempora.', '2012-05-28 23:31:47', '2016-01-02 14:26:48');
INSERT INTO `media` (`id`, `media_type_id`, `user_id`, `filename`, `size`, `metadata`, `created_at`, `updated_at`) VALUES (8, 8, 8, 'cumque', 1449205, 'Quam quam et excepturi eveniet quod et velit. Aut rerum accusantium quia repellat. Consequuntur neque quas nihil ut.', '2014-10-29 14:10:53', '2020-02-29 11:26:11');
INSERT INTO `media` (`id`, `media_type_id`, `user_id`, `filename`, `size`, `metadata`, `created_at`, `updated_at`) VALUES (9, 9, 9, 'quia', 9002480, 'Suscipit veniam laboriosam id perferendis possimus. Ea natus dolorum omnis aut. Qui enim ducimus tempore.', '2010-06-01 04:37:07', '2018-05-21 20:50:08');
INSERT INTO `media` (`id`, `media_type_id`, `user_id`, `filename`, `size`, `metadata`, `created_at`, `updated_at`) VALUES (10, 10, 10, 'ad', 483988, 'Sed rerum sed ea totam qui qui illum. Et quisquam asperiores accusantium dolor modi. Eveniet quam distinctio vel sunt voluptatem. Ut earum rerum sed officiis consequatur.', '2011-08-12 11:52:26', '2015-07-08 13:04:40');
INSERT INTO `media` (`id`, `media_type_id`, `user_id`, `filename`, `size`, `metadata`, `created_at`, `updated_at`) VALUES (11, 1, 11, 'ex', 3805718, 'Aut ipsum et eius autem beatae deleniti. Quod unde rem nihil consequatur reiciendis velit sint. Alias quia similique porro occaecati est perspiciatis.', '2011-10-23 17:57:39', '2017-08-17 15:24:20');
INSERT INTO `media` (`id`, `media_type_id`, `user_id`, `filename`, `size`, `metadata`, `created_at`, `updated_at`) VALUES (12, 2, 12, 'natus', 14737, 'Qui eos ab numquam illo est id sint. Hic dignissimos facilis maiores harum nam natus. Repellat reprehenderit laboriosam impedit et molestias. Ullam facilis incidunt ut eveniet perferendis.', '2011-10-19 16:12:52', '2018-10-06 02:00:33');
INSERT INTO `media` (`id`, `media_type_id`, `user_id`, `filename`, `size`, `metadata`, `created_at`, `updated_at`) VALUES (13, 3, 13, 'repellat', 6, 'Voluptas dolores in suscipit ut facere incidunt similique id. Similique hic magni rerum temporibus.', '2014-01-12 18:36:17', '2017-10-25 17:49:27');
INSERT INTO `media` (`id`, `media_type_id`, `user_id`, `filename`, `size`, `metadata`, `created_at`, `updated_at`) VALUES (14, 4, 14, 'nam', 4788, 'Quam aut provident aliquam. Voluptatem doloribus animi sunt minima ut veniam necessitatibus. Doloremque labore hic saepe et delectus.', '2012-09-13 18:41:50', '2018-01-25 09:29:48');
INSERT INTO `media` (`id`, `media_type_id`, `user_id`, `filename`, `size`, `metadata`, `created_at`, `updated_at`) VALUES (15, 5, 15, 'voluptatem', 5, 'Fugiat corporis eius eaque laboriosam adipisci. Sapiente amet aspernatur quis et pariatur. Quia repudiandae est et nihil adipisci rerum maiores. Accusamus suscipit qui et culpa neque alias.', '2011-08-19 12:42:21', '2017-03-06 06:27:23');
INSERT INTO `media` (`id`, `media_type_id`, `user_id`, `filename`, `size`, `metadata`, `created_at`, `updated_at`) VALUES (16, 6, 16, 'accusantium', 3, 'Rerum hic nisi dolorum labore numquam reiciendis. Voluptates consequatur aut rem quo eos incidunt. Reiciendis cum quo eaque sapiente recusandae.', '2013-05-11 18:59:39', '2016-08-04 09:09:49');
INSERT INTO `media` (`id`, `media_type_id`, `user_id`, `filename`, `size`, `metadata`, `created_at`, `updated_at`) VALUES (17, 7, 17, 'facilis', 2447413, 'Molestiae est sunt et quo aut. Possimus sequi debitis aut tempore maiores. Non vel officiis laudantium dicta vel ab.', '2015-01-25 23:44:26', '2016-08-16 16:26:18');
INSERT INTO `media` (`id`, `media_type_id`, `user_id`, `filename`, `size`, `metadata`, `created_at`, `updated_at`) VALUES (18, 8, 18, 'minus', 3354, 'Repellendus dolore non a dolor. Labore dolorem quae et totam. Necessitatibus a illum voluptatem. Nulla quia quasi pariatur.', '2010-09-03 14:08:41', '2017-03-23 22:38:39');
INSERT INTO `media` (`id`, `media_type_id`, `user_id`, `filename`, `size`, `metadata`, `created_at`, `updated_at`) VALUES (19, 9, 19, 'deleniti', 88886331, 'Qui unde velit soluta in soluta maxime. Repellat laboriosam dolores similique est. Similique quibusdam eaque sit nam. Corporis et voluptate optio deserunt.', '2011-07-06 17:53:33', '2015-10-23 04:33:41');
INSERT INTO `media` (`id`, `media_type_id`, `user_id`, `filename`, `size`, `metadata`, `created_at`, `updated_at`) VALUES (20, 10, 20, 'fugiat', 0, 'Qui magnam aliquam ea maiores natus inventore. Maiores expedita omnis quibusdam est a nihil alias. Veniam blanditiis blanditiis est provident est.', '2013-08-27 07:26:49', '2015-11-06 19:45:25');
INSERT INTO `media` (`id`, `media_type_id`, `user_id`, `filename`, `size`, `metadata`, `created_at`, `updated_at`) VALUES (21, 1, 21, 'consequatur', 813576, 'Laudantium fugiat sapiente doloremque occaecati similique et quis. Ipsa sed enim sit sequi laudantium dolor earum et.', '2014-02-12 11:11:44', '2017-06-26 02:32:29');
INSERT INTO `media` (`id`, `media_type_id`, `user_id`, `filename`, `size`, `metadata`, `created_at`, `updated_at`) VALUES (22, 2, 22, 'modi', 6945, 'Consequatur molestias eveniet sed nihil. Quia velit omnis dolorem hic. Enim quam nulla id nulla asperiores ut rerum.', '2011-05-30 22:18:20', '2020-01-10 05:25:25');
INSERT INTO `media` (`id`, `media_type_id`, `user_id`, `filename`, `size`, `metadata`, `created_at`, `updated_at`) VALUES (23, 3, 23, 'perspiciatis', 72, 'A et numquam velit voluptate. Ratione consequatur non non autem libero hic.\nExcepturi autem sit non est magni dolorem. Quia et sit eveniet cumque ad. Veniam velit aut dolore autem.', '2010-07-17 13:44:26', '2016-09-21 04:10:14');
INSERT INTO `media` (`id`, `media_type_id`, `user_id`, `filename`, `size`, `metadata`, `created_at`, `updated_at`) VALUES (24, 4, 24, 'saepe', 15474750, 'Quos nihil quia quo quas. Nihil facere nulla voluptatem soluta.', '2012-06-08 01:11:48', '2016-02-26 22:26:01');
INSERT INTO `media` (`id`, `media_type_id`, `user_id`, `filename`, `size`, `metadata`, `created_at`, `updated_at`) VALUES (25, 5, 25, 'est', 521, 'Dignissimos magni ipsum nesciunt molestiae et non. Ut aut non atque rerum facere rem. Facilis non ut eos dolor rerum molestias veniam.', '2012-03-05 04:04:23', '2017-02-03 09:02:25');
INSERT INTO `media` (`id`, `media_type_id`, `user_id`, `filename`, `size`, `metadata`, `created_at`, `updated_at`) VALUES (26, 6, 26, 'vitae', 457749, 'Mollitia enim nam est laudantium amet aut sit. Quos dolore nihil dolorem similique perspiciatis dolor. Similique explicabo qui hic quo.', '2010-04-24 03:08:55', '2016-06-25 02:42:05');
INSERT INTO `media` (`id`, `media_type_id`, `user_id`, `filename`, `size`, `metadata`, `created_at`, `updated_at`) VALUES (27, 7, 27, 'quisquam', 0, 'Dolores fugit hic facere rerum dolorum in quae. Voluptas facere quia et ad nulla. Et tempora commodi magnam perferendis rerum et rerum. Sit magnam non iusto est. Et laborum qui reprehenderit ullam.', '2013-04-10 07:34:55', '2020-02-02 03:50:30');
INSERT INTO `media` (`id`, `media_type_id`, `user_id`, `filename`, `size`, `metadata`, `created_at`, `updated_at`) VALUES (28, 8, 28, 'omnis', 454, 'Eveniet consequatur est iusto similique et. Consequatur velit assumenda fugit optio et reprehenderit et. Nulla est porro nam rerum cumque dolorem voluptate.', '2011-06-11 10:35:15', '2015-08-29 16:00:47');
INSERT INTO `media` (`id`, `media_type_id`, `user_id`, `filename`, `size`, `metadata`, `created_at`, `updated_at`) VALUES (29, 9, 29, 'et', 0, 'Quaerat reprehenderit maxime voluptatem consequatur non harum. Velit ullam minus asperiores rerum. Totam ut est excepturi aut quibusdam ut et. Maxime earum tempora in.', '2014-04-07 19:09:49', '2018-06-11 19:13:37');
INSERT INTO `media` (`id`, `media_type_id`, `user_id`, `filename`, `size`, `metadata`, `created_at`, `updated_at`) VALUES (30, 10, 30, 'sed', 996567, 'Est et eos deserunt quo molestias. Quos eius et suscipit consequuntur et laboriosam ut. Mollitia itaque eos labore delectus dicta vero quis.', '2014-06-24 03:25:43', '2015-07-07 03:33:08');
INSERT INTO `media` (`id`, `media_type_id`, `user_id`, `filename`, `size`, `metadata`, `created_at`, `updated_at`) VALUES (31, 1, 31, 'ut', 67541595, 'Ducimus sint odio quis beatae fugit. Iusto iusto rerum aut. Ea consectetur cumque et fugit.', '2010-12-22 06:51:04', '2019-01-07 00:20:45');
INSERT INTO `media` (`id`, `media_type_id`, `user_id`, `filename`, `size`, `metadata`, `created_at`, `updated_at`) VALUES (32, 2, 32, 'dolores', 76588, 'Corrupti occaecati aspernatur dicta veniam natus consectetur. Est quod omnis vel a. Ipsa consectetur alias iusto nisi.', '2011-04-17 04:17:58', '2018-08-18 08:21:32');
INSERT INTO `media` (`id`, `media_type_id`, `user_id`, `filename`, `size`, `metadata`, `created_at`, `updated_at`) VALUES (33, 3, 33, 'quod', 22868, 'Vero dignissimos hic aperiam mollitia tenetur. Et aliquid est pariatur velit fuga autem. Occaecati quo odit ut quia cumque corrupti.', '2011-08-13 14:15:48', '2019-11-24 00:09:10');
INSERT INTO `media` (`id`, `media_type_id`, `user_id`, `filename`, `size`, `metadata`, `created_at`, `updated_at`) VALUES (34, 4, 34, 'magnam', 0, 'Commodi sed et et ipsa. Et excepturi sed consequuntur ipsa. Ducimus blanditiis laboriosam hic voluptate officia perferendis. Corrupti atque eveniet quibusdam cupiditate.', '2011-03-26 23:29:07', '2016-04-19 23:53:26');
INSERT INTO `media` (`id`, `media_type_id`, `user_id`, `filename`, `size`, `metadata`, `created_at`, `updated_at`) VALUES (35, 5, 35, 'et', 859, 'Dolorem sit nostrum sequi. Error ut quas adipisci aut quam.', '2010-07-18 02:33:25', '2015-07-19 20:08:38');
INSERT INTO `media` (`id`, `media_type_id`, `user_id`, `filename`, `size`, `metadata`, `created_at`, `updated_at`) VALUES (36, 6, 36, 'eius', 987, 'Error perspiciatis tempora adipisci id quia. Quia necessitatibus similique non. Commodi minima et consectetur sint aperiam consequatur.', '2011-10-12 11:43:49', '2018-09-15 21:24:46');
INSERT INTO `media` (`id`, `media_type_id`, `user_id`, `filename`, `size`, `metadata`, `created_at`, `updated_at`) VALUES (37, 7, 37, 'neque', 36998483, 'Et nulla ex repellendus voluptatum omnis. Quo dolorem sit omnis repudiandae quo porro. Aliquid ut id sed. Omnis aut ut aut possimus fugiat.', '2014-03-17 05:28:33', '2019-09-30 15:42:02');
INSERT INTO `media` (`id`, `media_type_id`, `user_id`, `filename`, `size`, `metadata`, `created_at`, `updated_at`) VALUES (38, 8, 38, 'eum', 0, 'Consequuntur alias accusamus nam vel. Earum quaerat libero voluptatem ex quia aliquid dolor nihil. Ut qui laudantium dolorem debitis.', '2013-04-26 23:43:22', '2016-06-07 22:09:19');
INSERT INTO `media` (`id`, `media_type_id`, `user_id`, `filename`, `size`, `metadata`, `created_at`, `updated_at`) VALUES (39, 9, 39, 'aut', 251390716, 'Minima sed deleniti est nihil. Hic vel vitae est et quae vel. Mollitia est nihil molestiae nisi praesentium illo perferendis.', '2011-03-25 15:49:03', '2018-05-08 19:13:43');
INSERT INTO `media` (`id`, `media_type_id`, `user_id`, `filename`, `size`, `metadata`, `created_at`, `updated_at`) VALUES (40, 10, 40, 'ad', 929, 'Voluptas quia iure eum non qui atque aut. Explicabo quasi fugit porro rem.\nNisi velit ut provident et perferendis impedit molestiae. Quaerat fuga nihil tempora commodi inventore.', '2010-09-22 23:29:36', '2015-07-30 06:11:15');
INSERT INTO `media` (`id`, `media_type_id`, `user_id`, `filename`, `size`, `metadata`, `created_at`, `updated_at`) VALUES (41, 1, 41, 'odio', 13420, 'In omnis numquam doloremque eveniet et. Ut est consequatur ipsam iste quia. Aut quis sed voluptatem quo cupiditate tenetur placeat. Unde fuga dolorem veniam sunt ea.', '2013-12-24 13:28:43', '2016-02-17 22:30:47');
INSERT INTO `media` (`id`, `media_type_id`, `user_id`, `filename`, `size`, `metadata`, `created_at`, `updated_at`) VALUES (42, 2, 42, 'magnam', 507655, 'Facilis fuga error est voluptas dicta porro explicabo. Et voluptatem error quia tempora.', '2013-08-13 06:27:00', '2020-03-28 08:21:21');
INSERT INTO `media` (`id`, `media_type_id`, `user_id`, `filename`, `size`, `metadata`, `created_at`, `updated_at`) VALUES (43, 3, 43, 'qui', 2, 'Nihil nulla velit non ullam. Dignissimos ratione facilis est necessitatibus ab harum. Et dolorem aut qui aliquid.\nId ipsa quae voluptas velit corporis iure. Et id optio dolor quia.', '2014-06-25 22:11:14', '2017-04-06 19:24:29');
INSERT INTO `media` (`id`, `media_type_id`, `user_id`, `filename`, `size`, `metadata`, `created_at`, `updated_at`) VALUES (44, 4, 44, 'accusantium', 918780, 'Blanditiis ea ut molestias veniam omnis dolorem tenetur. Rerum enim voluptatem quasi quo. Qui et et aut minima molestiae ut.', '2013-05-05 14:12:04', '2019-11-04 18:40:16');
INSERT INTO `media` (`id`, `media_type_id`, `user_id`, `filename`, `size`, `metadata`, `created_at`, `updated_at`) VALUES (45, 5, 45, 'eos', 639, 'Voluptatem praesentium neque voluptate velit explicabo ea et aliquid. Culpa enim omnis est enim placeat velit. Enim inventore eos eius maxime doloribus reprehenderit minus. Voluptatibus et nobis id.', '2014-11-04 13:28:52', '2016-04-06 19:38:18');
INSERT INTO `media` (`id`, `media_type_id`, `user_id`, `filename`, `size`, `metadata`, `created_at`, `updated_at`) VALUES (46, 6, 46, 'voluptates', 0, 'Labore laudantium unde voluptates voluptas ut possimus et sunt. Fugiat iure numquam enim asperiores. Omnis rerum at et eveniet nobis ut optio. Id aliquid ipsa quo recusandae sapiente.', '2010-06-24 05:08:22', '2019-04-10 06:58:39');
INSERT INTO `media` (`id`, `media_type_id`, `user_id`, `filename`, `size`, `metadata`, `created_at`, `updated_at`) VALUES (47, 7, 47, 'voluptatibus', 7957967, 'Voluptatibus illo doloribus numquam similique et sunt autem. Tempore cumque quia velit voluptatem ullam deserunt. Ea vel consectetur rerum laboriosam perferendis ea.', '2011-04-23 22:56:01', '2016-11-09 18:26:13');
INSERT INTO `media` (`id`, `media_type_id`, `user_id`, `filename`, `size`, `metadata`, `created_at`, `updated_at`) VALUES (48, 8, 48, 'voluptas', 8995, 'Illo quia eveniet nihil est qui accusamus. Nihil eaque sed sint aliquid vitae. Officia et at dolorem maiores sint accusamus quia. Dicta et nulla exercitationem architecto quis molestias eaque.', '2012-02-15 22:24:10', '2016-08-09 11:33:41');
INSERT INTO `media` (`id`, `media_type_id`, `user_id`, `filename`, `size`, `metadata`, `created_at`, `updated_at`) VALUES (49, 9, 49, 'ipsam', 3858, 'Quas ut accusamus sed asperiores eum itaque similique qui. Perferendis harum consequatur et laborum quia neque.', '2011-07-06 09:42:09', '2016-12-15 12:28:41');
INSERT INTO `media` (`id`, `media_type_id`, `user_id`, `filename`, `size`, `metadata`, `created_at`, `updated_at`) VALUES (50, 10, 50, 'laborum', 169067, 'Itaque adipisci et autem sapiente quia aut. Dolores et omnis dolore modi quo et est.', '2015-02-18 17:18:15', '2019-11-21 07:45:16');
INSERT INTO `media` (`id`, `media_type_id`, `user_id`, `filename`, `size`, `metadata`, `created_at`, `updated_at`) VALUES (51, 1, 51, 'omnis', 9600, 'Iste consequatur eum autem ipsa nihil nostrum sint. Vel quia aliquam ratione sunt. Aut numquam et sint aperiam. Quisquam earum odio eum vero aut aut voluptatem.', '2013-03-24 13:11:57', '2016-04-13 18:56:43');
INSERT INTO `media` (`id`, `media_type_id`, `user_id`, `filename`, `size`, `metadata`, `created_at`, `updated_at`) VALUES (52, 2, 52, 'modi', 2, 'Minus laborum perferendis est. Corrupti rerum tempora odit tenetur in quam dicta. Asperiores ullam expedita iste perferendis veritatis cupiditate cum. Sed cum expedita ea.', '2015-02-04 08:08:58', '2020-03-23 18:08:49');
INSERT INTO `media` (`id`, `media_type_id`, `user_id`, `filename`, `size`, `metadata`, `created_at`, `updated_at`) VALUES (53, 3, 53, 'recusandae', 4319105, 'Est autem voluptates consectetur similique. Quis architecto quia praesentium totam inventore quae deserunt. Quidem tempore voluptas sunt vel quas. Nam omnis et saepe dolorem sit qui.', '2013-04-15 13:37:19', '2018-08-10 13:57:46');
INSERT INTO `media` (`id`, `media_type_id`, `user_id`, `filename`, `size`, `metadata`, `created_at`, `updated_at`) VALUES (54, 4, 54, 'enim', 72361, 'Cumque deleniti molestias perspiciatis est. Quis id tempore rem quo cumque nobis voluptate. Et minima aliquam molestias.', '2011-09-25 14:56:26', '2017-04-14 20:59:56');
INSERT INTO `media` (`id`, `media_type_id`, `user_id`, `filename`, `size`, `metadata`, `created_at`, `updated_at`) VALUES (55, 5, 55, 'ut', 7, 'Et sunt aut consequatur quidem sit minus. Rerum odio iusto quisquam facilis ut. In pariatur voluptatem ut nam nostrum reprehenderit. Sed est et incidunt enim commodi animi.', '2010-05-20 11:45:58', '2016-02-12 19:01:22');
INSERT INTO `media` (`id`, `media_type_id`, `user_id`, `filename`, `size`, `metadata`, `created_at`, `updated_at`) VALUES (56, 6, 56, 'et', 34575583, 'A perspiciatis ut doloribus culpa quis. Et ratione consequatur dolores odit voluptatem. Veniam ea itaque sapiente. Repudiandae nostrum voluptates suscipit quia deserunt.', '2011-05-08 08:13:57', '2017-10-14 19:18:35');
INSERT INTO `media` (`id`, `media_type_id`, `user_id`, `filename`, `size`, `metadata`, `created_at`, `updated_at`) VALUES (57, 7, 57, 'qui', 88, 'Eaque voluptatem repellat distinctio exercitationem. Veritatis ut repudiandae ipsam tempore aut velit natus. Qui dolorem inventore iure ducimus ipsam doloremque. Harum fuga facere vel quia.', '2011-10-31 16:39:44', '2015-07-20 14:05:57');
INSERT INTO `media` (`id`, `media_type_id`, `user_id`, `filename`, `size`, `metadata`, `created_at`, `updated_at`) VALUES (58, 8, 58, 'ut', 79186717, 'Asperiores nemo quasi expedita recusandae voluptatibus doloremque atque ex. Mollitia id fuga temporibus. At cupiditate ipsa voluptatem necessitatibus distinctio.', '2011-06-26 12:39:39', '2019-06-13 20:43:53');
INSERT INTO `media` (`id`, `media_type_id`, `user_id`, `filename`, `size`, `metadata`, `created_at`, `updated_at`) VALUES (59, 9, 59, 'non', 3500, 'Culpa ut voluptatum sed nesciunt. Est qui dolorum aperiam corporis aut sunt debitis. Dolores eum facilis at omnis alias qui.', '2012-06-15 00:27:59', '2019-11-13 16:07:55');
INSERT INTO `media` (`id`, `media_type_id`, `user_id`, `filename`, `size`, `metadata`, `created_at`, `updated_at`) VALUES (60, 10, 60, 'ratione', 0, 'Aperiam ratione distinctio est. Ad consequatur labore voluptatum minima numquam magni. Atque velit totam esse iusto magni non.', '2012-12-22 00:34:04', '2015-10-05 18:48:04');
INSERT INTO `media` (`id`, `media_type_id`, `user_id`, `filename`, `size`, `metadata`, `created_at`, `updated_at`) VALUES (61, 1, 61, 'illum', 508, 'Beatae commodi quis eius quaerat cum quibusdam. Mollitia consequatur deserunt sapiente quibusdam vel hic quasi. Doloribus voluptatem et et non. Mollitia molestiae odit consequatur dolores ut et.', '2010-05-25 05:36:38', '2016-08-05 23:55:01');
INSERT INTO `media` (`id`, `media_type_id`, `user_id`, `filename`, `size`, `metadata`, `created_at`, `updated_at`) VALUES (62, 2, 62, 'qui', 2514, 'Cum officia velit repellat dolores consequatur nemo. Nulla vitae consectetur quia id.', '2012-06-01 18:15:16', '2015-09-04 12:31:44');
INSERT INTO `media` (`id`, `media_type_id`, `user_id`, `filename`, `size`, `metadata`, `created_at`, `updated_at`) VALUES (63, 3, 63, 'autem', 41609, 'Eligendi natus at tempora voluptates. Consectetur reiciendis voluptatem sint laborum. Quia optio sequi animi quibusdam.', '2014-06-06 03:44:00', '2016-12-19 18:50:10');
INSERT INTO `media` (`id`, `media_type_id`, `user_id`, `filename`, `size`, `metadata`, `created_at`, `updated_at`) VALUES (64, 4, 64, 'molestiae', 651391244, 'Voluptatem fugit aliquam fugiat dolorum quas corrupti ea perferendis. Ab deserunt sapiente veniam facilis assumenda. Exercitationem aperiam alias id dignissimos accusantium saepe.', '2013-09-14 05:03:19', '2015-11-09 15:41:53');
INSERT INTO `media` (`id`, `media_type_id`, `user_id`, `filename`, `size`, `metadata`, `created_at`, `updated_at`) VALUES (65, 5, 65, 'quis', 813091924, 'Et ea velit officia ea debitis. Totam commodi et corrupti ut. Explicabo beatae qui non itaque.', '2014-07-10 04:01:56', '2017-05-05 09:31:11');
INSERT INTO `media` (`id`, `media_type_id`, `user_id`, `filename`, `size`, `metadata`, `created_at`, `updated_at`) VALUES (66, 6, 66, 'libero', 839, 'Rerum aut sunt illum id. Sed voluptatibus soluta et.\nConsequatur aliquam sapiente quo modi error voluptatem consequatur. Aut reprehenderit assumenda velit dolore non. Ut illum maxime debitis.', '2013-07-31 13:43:02', '2018-06-27 06:50:55');
INSERT INTO `media` (`id`, `media_type_id`, `user_id`, `filename`, `size`, `metadata`, `created_at`, `updated_at`) VALUES (67, 7, 67, 'enim', 40849, 'Magnam fuga aperiam et nihil rerum. Mollitia incidunt est magnam consectetur eos itaque. Est repellat voluptatem rerum minus.', '2010-11-08 12:16:55', '2017-05-11 03:27:15');
INSERT INTO `media` (`id`, `media_type_id`, `user_id`, `filename`, `size`, `metadata`, `created_at`, `updated_at`) VALUES (68, 8, 68, 'saepe', 475162489, 'Minima quod pariatur in molestiae nam modi. Nulla laborum molestiae modi. Voluptates sit porro placeat reprehenderit. Dolorum in sint corrupti nam quisquam qui fugit quaerat.', '2012-11-13 22:18:21', '2016-04-25 10:01:15');
INSERT INTO `media` (`id`, `media_type_id`, `user_id`, `filename`, `size`, `metadata`, `created_at`, `updated_at`) VALUES (69, 9, 69, 'quia', 0, 'Officia praesentium est vel non accusamus qui nam officiis. Sed et ea et molestias. Dolorem ea corrupti facilis vel voluptas nam nihil. Ut error delectus perspiciatis voluptas architecto architecto.', '2011-09-01 05:28:59', '2017-08-12 07:49:59');
INSERT INTO `media` (`id`, `media_type_id`, `user_id`, `filename`, `size`, `metadata`, `created_at`, `updated_at`) VALUES (70, 10, 70, 'rem', 30, 'Asperiores vero quibusdam alias necessitatibus. Alias debitis deserunt repellat necessitatibus enim deserunt commodi. Officiis qui ut molestiae.', '2015-02-13 14:40:33', '2019-04-09 20:03:26');
INSERT INTO `media` (`id`, `media_type_id`, `user_id`, `filename`, `size`, `metadata`, `created_at`, `updated_at`) VALUES (71, 1, 71, 'magnam', 4600157, 'Quam vel ad sunt temporibus sapiente voluptatem. Quisquam ab eum quo expedita quo.', '2014-09-12 00:55:53', '2020-04-11 07:52:43');
INSERT INTO `media` (`id`, `media_type_id`, `user_id`, `filename`, `size`, `metadata`, `created_at`, `updated_at`) VALUES (72, 2, 72, 'architecto', 51045865, 'Tempora odio porro ipsam. Et sunt iste omnis recusandae.\nUt quod unde molestiae repudiandae qui fuga ratione. Perspiciatis id ut aut voluptas nisi quibusdam perferendis. Consequatur hic et veniam.', '2010-10-26 06:48:24', '2019-01-02 09:48:39');
INSERT INTO `media` (`id`, `media_type_id`, `user_id`, `filename`, `size`, `metadata`, `created_at`, `updated_at`) VALUES (73, 3, 73, 'distinctio', 1, 'Nulla ducimus beatae vel magnam cum incidunt possimus. Eaque tempora autem eveniet quo consectetur aut. Voluptatem sit ex unde tempore. Eum ratione pariatur nam et et.', '2012-08-21 13:12:58', '2018-04-25 06:38:55');
INSERT INTO `media` (`id`, `media_type_id`, `user_id`, `filename`, `size`, `metadata`, `created_at`, `updated_at`) VALUES (74, 4, 74, 'beatae', 7135574, 'Molestias ratione exercitationem eum commodi. Ad officia consequatur vitae molestiae et nulla commodi et. Quo sed aliquam optio minus atque. Fugit ex autem totam et.', '2012-08-17 04:00:56', '2015-11-13 12:34:20');
INSERT INTO `media` (`id`, `media_type_id`, `user_id`, `filename`, `size`, `metadata`, `created_at`, `updated_at`) VALUES (75, 5, 75, 'a', 7215, 'Eaque rem fugiat quia quis dolore in dolorem. Modi impedit blanditiis illo. Numquam saepe sit id dolor non aut placeat. Et illum eligendi est reiciendis et incidunt nulla.', '2013-12-08 14:41:59', '2019-07-27 21:22:03');
INSERT INTO `media` (`id`, `media_type_id`, `user_id`, `filename`, `size`, `metadata`, `created_at`, `updated_at`) VALUES (76, 6, 76, 'consectetur', 8139288, 'Quos autem dolorum et nesciunt nisi. Debitis est ut modi facilis architecto. Minus a ut molestias veniam ea minus.', '2014-10-15 01:05:51', '2017-10-29 21:43:22');
INSERT INTO `media` (`id`, `media_type_id`, `user_id`, `filename`, `size`, `metadata`, `created_at`, `updated_at`) VALUES (77, 7, 77, 'voluptates', 41, 'Voluptate cumque sed eum. Sit minus inventore et corporis. Sunt qui aliquid ut voluptatem nihil doloribus vel quia. Repudiandae sed facilis dolore dolores.', '2013-01-19 03:51:09', '2016-03-15 21:49:05');
INSERT INTO `media` (`id`, `media_type_id`, `user_id`, `filename`, `size`, `metadata`, `created_at`, `updated_at`) VALUES (78, 8, 78, 'et', 9163, 'Pariatur doloremque odit voluptas sint maxime beatae architecto. Rerum doloremque eos harum blanditiis et ipsa. Sed qui nobis ullam omnis.', '2011-03-08 13:39:53', '2019-12-01 16:32:03');
INSERT INTO `media` (`id`, `media_type_id`, `user_id`, `filename`, `size`, `metadata`, `created_at`, `updated_at`) VALUES (79, 9, 79, 'architecto', 45434, 'Dolores officiis et qui eos enim repellendus rem eius. Est vitae minus sit itaque. Aut omnis esse dolore vel aut nulla reiciendis.', '2011-06-14 06:19:26', '2017-11-30 22:49:49');
INSERT INTO `media` (`id`, `media_type_id`, `user_id`, `filename`, `size`, `metadata`, `created_at`, `updated_at`) VALUES (80, 10, 80, 'quo', 285235505, 'Alias voluptatem doloribus soluta sed. Non consectetur neque veritatis. Sed aspernatur velit hic nihil similique.', '2014-08-21 17:59:57', '2018-06-14 07:20:17');
INSERT INTO `media` (`id`, `media_type_id`, `user_id`, `filename`, `size`, `metadata`, `created_at`, `updated_at`) VALUES (81, 1, 81, 'possimus', 5, 'Qui ab et quia placeat sit rerum. Accusantium consequuntur aut excepturi repellat minus. Eveniet voluptatem omnis et.', '2013-03-01 06:57:57', '2017-02-04 07:43:08');
INSERT INTO `media` (`id`, `media_type_id`, `user_id`, `filename`, `size`, `metadata`, `created_at`, `updated_at`) VALUES (82, 2, 82, 'adipisci', 644036, 'Aliquid delectus eos voluptatum explicabo sed cupiditate vel. Ad consequatur nisi quos. Quam sit corporis a sint error et et. Facere qui voluptas nobis perferendis et voluptatem.', '2011-04-18 09:31:34', '2018-08-25 00:27:23');
INSERT INTO `media` (`id`, `media_type_id`, `user_id`, `filename`, `size`, `metadata`, `created_at`, `updated_at`) VALUES (83, 3, 83, 'dolor', 68499, 'Eos ducimus a rem consectetur. Aut et consequuntur ut est distinctio magni accusantium quisquam.', '2014-04-27 04:09:42', '2017-11-06 09:19:26');
INSERT INTO `media` (`id`, `media_type_id`, `user_id`, `filename`, `size`, `metadata`, `created_at`, `updated_at`) VALUES (84, 4, 84, 'qui', 2, 'Dignissimos quisquam ut quo aperiam quo. Temporibus dolorem accusamus voluptatem. Temporibus quasi suscipit ut laborum. Dolor id aut ut esse tempore.', '2011-04-05 17:17:53', '2018-03-21 10:25:05');
INSERT INTO `media` (`id`, `media_type_id`, `user_id`, `filename`, `size`, `metadata`, `created_at`, `updated_at`) VALUES (85, 5, 85, 'omnis', 2989, 'Quo nisi et doloremque exercitationem ea. Et laudantium aspernatur quas commodi perspiciatis dolor exercitationem. Enim deserunt dolores repudiandae omnis ipsa enim numquam perspiciatis.', '2015-03-06 03:02:53', '2020-03-27 18:22:20');
INSERT INTO `media` (`id`, `media_type_id`, `user_id`, `filename`, `size`, `metadata`, `created_at`, `updated_at`) VALUES (86, 6, 86, 'ipsa', 77276060, 'Aliquam quidem corrupti minus quas iure tenetur. Eos ut qui voluptas eos aut et. Accusamus et aut voluptatem voluptas maxime repellendus adipisci. Quasi aliquid vitae magni iure eos dolores.', '2010-08-10 10:00:39', '2016-03-14 12:11:48');
INSERT INTO `media` (`id`, `media_type_id`, `user_id`, `filename`, `size`, `metadata`, `created_at`, `updated_at`) VALUES (87, 7, 87, 'quae', 30, 'Ipsam sed excepturi iure qui voluptatum. Fugit beatae mollitia in. Atque incidunt aspernatur dolorem.', '2013-02-24 02:54:21', '2017-04-13 20:03:41');
INSERT INTO `media` (`id`, `media_type_id`, `user_id`, `filename`, `size`, `metadata`, `created_at`, `updated_at`) VALUES (88, 8, 88, 'et', 0, 'Nobis aspernatur quisquam nobis doloribus voluptas alias velit. Illum perspiciatis id aut aut maiores facere mollitia. Laboriosam quaerat aliquam qui exercitationem.', '2013-08-30 20:08:32', '2017-11-27 17:38:24');
INSERT INTO `media` (`id`, `media_type_id`, `user_id`, `filename`, `size`, `metadata`, `created_at`, `updated_at`) VALUES (89, 9, 89, 'doloribus', 48, 'Ex cum est esse officia quae esse quam. Dolorum omnis et porro hic. Voluptas ea qui delectus aut sed sit rerum. Similique iste in temporibus voluptas quod.', '2011-12-31 00:23:42', '2017-04-12 23:21:20');
INSERT INTO `media` (`id`, `media_type_id`, `user_id`, `filename`, `size`, `metadata`, `created_at`, `updated_at`) VALUES (90, 10, 90, 'ipsam', 0, 'Esse ipsam pariatur consequatur non. Aspernatur voluptas minus debitis quia. Vitae voluptatem nemo magni.', '2015-02-06 17:45:47', '2015-08-18 23:27:20');
INSERT INTO `media` (`id`, `media_type_id`, `user_id`, `filename`, `size`, `metadata`, `created_at`, `updated_at`) VALUES (91, 1, 91, 'quaerat', 319, 'Laboriosam omnis voluptatem ratione quos molestiae. Eaque fugit recusandae quas dolores. Sunt quasi nihil cupiditate. Minus unde reiciendis minus.', '2013-05-17 04:45:34', '2016-07-09 08:24:25');
INSERT INTO `media` (`id`, `media_type_id`, `user_id`, `filename`, `size`, `metadata`, `created_at`, `updated_at`) VALUES (92, 2, 92, 'ipsa', 52513836, 'Nulla porro dolores natus veniam consequatur. Atque id alias eius rerum atque blanditiis voluptatibus aut.', '2010-08-23 02:17:38', '2018-08-24 15:05:54');
INSERT INTO `media` (`id`, `media_type_id`, `user_id`, `filename`, `size`, `metadata`, `created_at`, `updated_at`) VALUES (93, 3, 93, 'et', 55819265, 'Cumque veniam illum deleniti porro fugit. Nulla voluptas sed doloribus quos. Aspernatur sint quibusdam fugit ipsum rerum. Assumenda dolorem adipisci beatae numquam id consequuntur natus.', '2011-01-09 04:21:42', '2020-03-18 08:46:12');
INSERT INTO `media` (`id`, `media_type_id`, `user_id`, `filename`, `size`, `metadata`, `created_at`, `updated_at`) VALUES (94, 4, 94, 'voluptates', 40, 'Iure et labore dignissimos fugit. Praesentium vero ut veritatis numquam. Quam hic autem et maxime. Sunt itaque consequuntur voluptatem non dolor sit nostrum.', '2011-01-04 08:46:20', '2019-03-25 01:44:50');
INSERT INTO `media` (`id`, `media_type_id`, `user_id`, `filename`, `size`, `metadata`, `created_at`, `updated_at`) VALUES (95, 5, 95, 'quas', 21466560, 'Non sint ut dolore odio ullam. Assumenda accusantium maxime aut enim fugit qui.', '2013-12-06 17:41:49', '2015-06-04 22:27:21');
INSERT INTO `media` (`id`, `media_type_id`, `user_id`, `filename`, `size`, `metadata`, `created_at`, `updated_at`) VALUES (96, 6, 96, 'consequatur', 17738113, 'Consequatur quis et ea expedita. Fuga ut enim pariatur. Aut hic velit voluptatibus sed rem accusamus dignissimos praesentium.', '2011-11-15 03:48:23', '2019-08-12 12:05:42');
INSERT INTO `media` (`id`, `media_type_id`, `user_id`, `filename`, `size`, `metadata`, `created_at`, `updated_at`) VALUES (97, 7, 97, 'sed', 320525909, 'Qui adipisci assumenda voluptatem quaerat labore consequatur voluptatem. Vel consequatur asperiores ratione quos inventore beatae praesentium.', '2013-11-01 21:13:39', '2017-04-20 05:47:19');
INSERT INTO `media` (`id`, `media_type_id`, `user_id`, `filename`, `size`, `metadata`, `created_at`, `updated_at`) VALUES (98, 8, 98, 'doloribus', 918173, 'Eveniet itaque dolor natus voluptatibus repellendus et. In nihil dolorem suscipit est blanditiis delectus. Quas et ex quia qui possimus eos cumque.', '2014-08-29 09:24:37', '2020-01-24 03:33:30');
INSERT INTO `media` (`id`, `media_type_id`, `user_id`, `filename`, `size`, `metadata`, `created_at`, `updated_at`) VALUES (99, 9, 99, 'repudiandae', 1063493, 'Placeat facilis non et commodi ipsa voluptate ipsam. In id id quos doloribus et magni est. Harum ab sapiente alias fugiat.\nNostrum dolor odit laudantium. Ut tenetur sit repudiandae.', '2011-06-11 15:17:11', '2018-05-22 21:18:36');
INSERT INTO `media` (`id`, `media_type_id`, `user_id`, `filename`, `size`, `metadata`, `created_at`, `updated_at`) VALUES (100, 10, 100, 'et', 32, 'Dicta ratione ducimus fugiat maiores quo quaerat. Adipisci vero debitis corrupti quia exercitationem. Quia molestiae id qui veritatis aut earum beatae.', '2011-10-05 14:38:59', '2018-10-14 16:35:07');


#
# TABLE STRUCTURE FOR: media_types
#

DROP TABLE IF EXISTS `media_types`;

CREATE TABLE `media_types` (
  `id` int(10) unsigned NOT NULL AUTO_INCREMENT,
  `name` varchar(255) COLLATE utf8_unicode_ci NOT NULL,
  PRIMARY KEY (`id`),
  UNIQUE KEY `name` (`name`)
) ENGINE=InnoDB AUTO_INCREMENT=11 DEFAULT CHARSET=utf8 COLLATE=utf8_unicode_ci;

INSERT INTO `media_types` (`id`, `name`) VALUES (5, 'consequuntur');
INSERT INTO `media_types` (`id`, `name`) VALUES (9, 'deserunt');
INSERT INTO `media_types` (`id`, `name`) VALUES (3, 'dolore');
INSERT INTO `media_types` (`id`, `name`) VALUES (10, 'ea');
INSERT INTO `media_types` (`id`, `name`) VALUES (4, 'eligendi');
INSERT INTO `media_types` (`id`, `name`) VALUES (7, 'fugiat');
INSERT INTO `media_types` (`id`, `name`) VALUES (8, 'ipsam');
INSERT INTO `media_types` (`id`, `name`) VALUES (6, 'nulla');
INSERT INTO `media_types` (`id`, `name`) VALUES (1, 'ut');
INSERT INTO `media_types` (`id`, `name`) VALUES (2, 'vitae');


#
# TABLE STRUCTURE FOR: messages
#

DROP TABLE IF EXISTS `messages`;

CREATE TABLE `messages` (
  `id` int(10) unsigned NOT NULL AUTO_INCREMENT,
  `from_user_id` int(10) unsigned NOT NULL,
  `to_user_id` int(10) unsigned NOT NULL,
  `community_id` int(10) unsigned NOT NULL,
  `body` text COLLATE utf8_unicode_ci NOT NULL,
  `is_important` tinyint(1) DEFAULT NULL,
  `is_delivered` tinyint(1) DEFAULT NULL,
  `created_at` datetime DEFAULT current_timestamp(),
  PRIMARY KEY (`id`)
) ENGINE=InnoDB AUTO_INCREMENT=101 DEFAULT CHARSET=utf8 COLLATE=utf8_unicode_ci;

INSERT INTO `messages` (`id`, `from_user_id`, `to_user_id`, `community_id`, `body`, `is_important`, `is_delivered`, `created_at`) VALUES (1, 26, 86, 13, 'Error optio cumque voluptates sunt pariatur. Neque ut dolores reprehenderit non amet. Placeat sapiente ducimus voluptatem ut quia nulla. Voluptatum quidem tempore maxime assumenda iusto quaerat et excepturi.', 1, 1, '2015-03-31 17:20:23');
INSERT INTO `messages` (`id`, `from_user_id`, `to_user_id`, `community_id`, `body`, `is_important`, `is_delivered`, `created_at`) VALUES (2, 72, 28, 43, 'Temporibus placeat blanditiis dolorem vel id debitis. Laborum deleniti nam temporibus quam. Consequatur minus vel sit ut omnis magnam. Porro dolorem debitis quis molestiae. Reiciendis distinctio similique qui officia.', 1, 1, '2015-05-27 06:04:46');
INSERT INTO `messages` (`id`, `from_user_id`, `to_user_id`, `community_id`, `body`, `is_important`, `is_delivered`, `created_at`) VALUES (3, 16, 0, 58, 'Architecto id in accusantium minima enim provident. Temporibus deserunt placeat eligendi sed ullam. Et quia suscipit alias fugit animi ut eum. Animi optio nemo dolor placeat pariatur soluta consequuntur.', 0, 1, '2016-03-06 09:28:21');
INSERT INTO `messages` (`id`, `from_user_id`, `to_user_id`, `community_id`, `body`, `is_important`, `is_delivered`, `created_at`) VALUES (4, 72, 10, 25, 'Deleniti cumque aut delectus distinctio. Ut nulla in reprehenderit pariatur. Qui dignissimos occaecati accusantium. Ea voluptatem veniam autem et illum laborum ut.', 0, 1, '2019-06-28 07:47:33');
INSERT INTO `messages` (`id`, `from_user_id`, `to_user_id`, `community_id`, `body`, `is_important`, `is_delivered`, `created_at`) VALUES (5, 60, 38, 10, 'Vel aut culpa corrupti et facere aut est optio. Reiciendis et similique ducimus ut fuga quos iusto. Aut autem omnis sed molestias voluptas. Minus labore ut eligendi consequuntur.', 1, 0, '2011-01-05 18:15:05');
INSERT INTO `messages` (`id`, `from_user_id`, `to_user_id`, `community_id`, `body`, `is_important`, `is_delivered`, `created_at`) VALUES (6, 95, 0, 0, 'Eaque modi nisi labore repudiandae exercitationem. Rem sit illo architecto quis quisquam et ratione. Autem et quia id ut doloribus quia aspernatur.', 0, 1, '2012-11-29 11:26:51');
INSERT INTO `messages` (`id`, `from_user_id`, `to_user_id`, `community_id`, `body`, `is_important`, `is_delivered`, `created_at`) VALUES (7, 11, 0, 9, 'Minus dicta facere assumenda repellendus nihil. Voluptatem et est necessitatibus eos unde consequatur neque. Aperiam et et reprehenderit ea veniam deserunt officia aut. Perspiciatis quisquam similique quaerat voluptas ut quos. Fuga consequuntur atque debitis rerum reprehenderit omnis.', 1, 1, '2019-08-13 20:59:46');
INSERT INTO `messages` (`id`, `from_user_id`, `to_user_id`, `community_id`, `body`, `is_important`, `is_delivered`, `created_at`) VALUES (8, 2, 0, 91, 'Quae omnis tenetur consequatur nihil nihil. Hic sed numquam dolorem eos ut ipsa est. Modi et inventore cupiditate soluta soluta non.', 0, 0, '2013-12-09 21:02:58');
INSERT INTO `messages` (`id`, `from_user_id`, `to_user_id`, `community_id`, `body`, `is_important`, `is_delivered`, `created_at`) VALUES (9, 54, 98, 86, 'Blanditiis tenetur aperiam error aut minima. Rerum et dolor exercitationem quod est quis suscipit cum. Sit blanditiis molestias consequatur impedit nihil. Dolore in eos sed laudantium ea error aliquam. Sed et cumque modi veniam in.', 0, 1, '2015-03-04 10:27:24');
INSERT INTO `messages` (`id`, `from_user_id`, `to_user_id`, `community_id`, `body`, `is_important`, `is_delivered`, `created_at`) VALUES (10, 3, 33, 0, 'Explicabo repudiandae enim labore odit repudiandae dolores doloribus culpa. Cum provident iure dolorem facilis. Et et aut omnis.', 0, 0, '2012-07-17 09:36:37');
INSERT INTO `messages` (`id`, `from_user_id`, `to_user_id`, `community_id`, `body`, `is_important`, `is_delivered`, `created_at`) VALUES (11, 39, 10, 0, 'Ullam quis optio ut facilis dolores. Voluptate fuga omnis qui velit ipsam consequatur. Tenetur sit veniam fuga a aliquam nemo odio.', 1, 1, '2018-04-01 16:57:26');
INSERT INTO `messages` (`id`, `from_user_id`, `to_user_id`, `community_id`, `body`, `is_important`, `is_delivered`, `created_at`) VALUES (12, 46, 0, 53, 'Modi expedita incidunt ad sed eum esse. Quaerat consectetur maiores non tempore ipsum molestiae autem repudiandae. Eum ratione sapiente deserunt impedit numquam.', 1, 0, '2017-07-20 03:03:56');
INSERT INTO `messages` (`id`, `from_user_id`, `to_user_id`, `community_id`, `body`, `is_important`, `is_delivered`, `created_at`) VALUES (13, 85, 0, 65, 'Praesentium ab omnis quia. Harum occaecati maiores deleniti et harum.', 0, 1, '2018-06-25 16:51:59');
INSERT INTO `messages` (`id`, `from_user_id`, `to_user_id`, `community_id`, `body`, `is_important`, `is_delivered`, `created_at`) VALUES (14, 96, 0, 0, 'Sit cumque non dolor vero dignissimos sit. Et unde cum consectetur voluptatibus. Non alias quia commodi delectus. Totam dolor nesciunt quia accusantium aut nulla. Dolorem assumenda soluta quisquam dolores minus.', 0, 0, '2013-10-02 19:55:51');
INSERT INTO `messages` (`id`, `from_user_id`, `to_user_id`, `community_id`, `body`, `is_important`, `is_delivered`, `created_at`) VALUES (15, 86, 0, 0, 'Ut facere ea quis velit blanditiis. Sunt et consectetur et libero sint eos mollitia. Eum necessitatibus facilis rerum magnam.', 1, 0, '2015-03-14 01:24:25');
INSERT INTO `messages` (`id`, `from_user_id`, `to_user_id`, `community_id`, `body`, `is_important`, `is_delivered`, `created_at`) VALUES (16, 2, 0, 18, 'Aut sit est et dolorem. Dolorem quas at consequatur adipisci.', 1, 1, '2018-08-23 23:31:52');
INSERT INTO `messages` (`id`, `from_user_id`, `to_user_id`, `community_id`, `body`, `is_important`, `is_delivered`, `created_at`) VALUES (17, 84, 0, 0, 'Enim consequuntur et exercitationem quae ut. In doloremque omnis dolorem possimus. Accusamus quia quidem earum incidunt nam.', 0, 1, '2020-01-28 08:59:22');
INSERT INTO `messages` (`id`, `from_user_id`, `to_user_id`, `community_id`, `body`, `is_important`, `is_delivered`, `created_at`) VALUES (18, 92, 22, 0, 'Et est qui et nisi aut et. A doloremque ut doloribus et voluptas voluptatum perferendis.', 1, 0, '2016-04-04 06:54:35');
INSERT INTO `messages` (`id`, `from_user_id`, `to_user_id`, `community_id`, `body`, `is_important`, `is_delivered`, `created_at`) VALUES (19, 99, 0, 0, 'Minus aut fugit saepe. Explicabo cupiditate eos ipsam odit. Reprehenderit rerum ipsum cumque consequuntur aperiam aut ex voluptate. Nulla est temporibus distinctio voluptatem vel.', 1, 0, '2012-11-08 03:03:57');
INSERT INTO `messages` (`id`, `from_user_id`, `to_user_id`, `community_id`, `body`, `is_important`, `is_delivered`, `created_at`) VALUES (20, 82, 37, 0, 'Commodi vero voluptatem placeat nihil itaque sapiente. Assumenda velit iure maxime ut dolorem suscipit. Rerum minima dolores deserunt officiis dolorem provident. Animi labore nesciunt doloribus.', 1, 0, '2014-07-16 11:13:45');
INSERT INTO `messages` (`id`, `from_user_id`, `to_user_id`, `community_id`, `body`, `is_important`, `is_delivered`, `created_at`) VALUES (21, 52, 18, 0, 'Debitis tenetur voluptate ex dolorum quam ipsam iusto. Occaecati deserunt fugit non rerum. Ea maiores doloremque excepturi aut accusantium.', 1, 1, '2010-08-11 07:16:35');
INSERT INTO `messages` (`id`, `from_user_id`, `to_user_id`, `community_id`, `body`, `is_important`, `is_delivered`, `created_at`) VALUES (22, 51, 0, 0, 'Corporis iste quia quaerat sapiente. Laboriosam enim iusto quis animi laboriosam qui.', 0, 1, '2015-09-28 21:06:41');
INSERT INTO `messages` (`id`, `from_user_id`, `to_user_id`, `community_id`, `body`, `is_important`, `is_delivered`, `created_at`) VALUES (23, 50, 0, 0, 'Soluta atque pariatur facilis voluptas nemo ut. Consectetur est velit aliquam velit. Commodi magnam aperiam reiciendis alias autem.', 1, 1, '2016-03-08 15:18:02');
INSERT INTO `messages` (`id`, `from_user_id`, `to_user_id`, `community_id`, `body`, `is_important`, `is_delivered`, `created_at`) VALUES (24, 70, 0, 90, 'Qui et ut perspiciatis. Est consequatur aut non ab voluptatibus consequuntur sint.', 0, 0, '2014-10-02 17:31:14');
INSERT INTO `messages` (`id`, `from_user_id`, `to_user_id`, `community_id`, `body`, `is_important`, `is_delivered`, `created_at`) VALUES (25, 16, 2, 95, 'Ex sed sint et et eaque expedita eos. Explicabo ex nemo velit ad quaerat quis. Est ullam hic aut labore enim quas id.', 1, 0, '2013-03-06 08:10:30');
INSERT INTO `messages` (`id`, `from_user_id`, `to_user_id`, `community_id`, `body`, `is_important`, `is_delivered`, `created_at`) VALUES (26, 99, 53, 39, 'Dolores nam et nihil quibusdam qui rem aut. Necessitatibus voluptatem temporibus aut. Sint necessitatibus explicabo nobis ullam dolore sint occaecati. Ut quis labore deleniti quaerat eaque. Recusandae alias cum reprehenderit autem.', 0, 0, '2017-01-28 08:54:47');
INSERT INTO `messages` (`id`, `from_user_id`, `to_user_id`, `community_id`, `body`, `is_important`, `is_delivered`, `created_at`) VALUES (27, 9, 0, 5, 'Fugiat deleniti dolores modi aut. Est qui nobis qui velit explicabo. Sapiente eos a perspiciatis totam ut et asperiores. Sint corporis laboriosam quia vel porro aut eum.', 1, 0, '2015-03-03 10:01:40');
INSERT INTO `messages` (`id`, `from_user_id`, `to_user_id`, `community_id`, `body`, `is_important`, `is_delivered`, `created_at`) VALUES (28, 93, 15, 0, 'Velit tempora excepturi aut facere quis expedita. Similique soluta accusamus nesciunt eaque. Quam hic assumenda natus ut eligendi. Ut ea odio iste officia corporis. Corrupti quam animi quo.', 0, 1, '2014-11-29 01:06:04');
INSERT INTO `messages` (`id`, `from_user_id`, `to_user_id`, `community_id`, `body`, `is_important`, `is_delivered`, `created_at`) VALUES (29, 58, 43, 77, 'Voluptas aspernatur sit alias minus excepturi quod placeat odio. Earum aut adipisci pariatur asperiores aliquam. Asperiores et sit mollitia est. In aspernatur nam quas voluptas.', 0, 0, '2015-01-04 23:41:31');
INSERT INTO `messages` (`id`, `from_user_id`, `to_user_id`, `community_id`, `body`, `is_important`, `is_delivered`, `created_at`) VALUES (30, 56, 100, 4, 'Et omnis reprehenderit et tempora quo eius occaecati. Ducimus voluptatibus tenetur natus explicabo neque id voluptate. Ab accusamus impedit et quod. Delectus officiis est doloremque sed.', 0, 1, '2016-02-13 19:34:21');
INSERT INTO `messages` (`id`, `from_user_id`, `to_user_id`, `community_id`, `body`, `is_important`, `is_delivered`, `created_at`) VALUES (31, 8, 63, 0, 'Cupiditate rem sit qui exercitationem fuga unde. Voluptas natus qui provident dicta unde maxime.', 1, 1, '2017-05-22 19:56:34');
INSERT INTO `messages` (`id`, `from_user_id`, `to_user_id`, `community_id`, `body`, `is_important`, `is_delivered`, `created_at`) VALUES (32, 4, 90, 0, 'Sit consequatur magnam id nesciunt eum neque voluptatum. Reprehenderit voluptas possimus ipsum eaque. Et saepe odit sit ea omnis. Qui possimus qui atque ratione et.', 0, 0, '2010-09-19 06:19:56');
INSERT INTO `messages` (`id`, `from_user_id`, `to_user_id`, `community_id`, `body`, `is_important`, `is_delivered`, `created_at`) VALUES (33, 64, 68, 0, 'Quia harum est aut sapiente voluptatem. Ut quod esse est quidem ea ipsa. Molestiae tenetur voluptatum nemo id. Sit nihil quisquam cumque tempore atque.', 0, 1, '2017-11-03 09:14:33');
INSERT INTO `messages` (`id`, `from_user_id`, `to_user_id`, `community_id`, `body`, `is_important`, `is_delivered`, `created_at`) VALUES (34, 8, 0, 91, 'Optio tempora aperiam dolor ipsam. Id et qui aut illum. Quia eum dolorem aut. Ipsa dolorem enim qui earum et quis numquam laborum.', 1, 1, '2019-09-30 01:34:14');
INSERT INTO `messages` (`id`, `from_user_id`, `to_user_id`, `community_id`, `body`, `is_important`, `is_delivered`, `created_at`) VALUES (35, 39, 91, 0, 'Rerum nesciunt excepturi et a blanditiis. Et itaque suscipit vitae. Omnis voluptate doloribus rerum laborum. Dicta nulla est quia ducimus et mollitia.', 1, 1, '2012-10-25 00:07:03');
INSERT INTO `messages` (`id`, `from_user_id`, `to_user_id`, `community_id`, `body`, `is_important`, `is_delivered`, `created_at`) VALUES (36, 21, 0, 0, 'Ut veniam ab ut cupiditate eum facilis aliquam. Amet ratione nesciunt ea nihil pariatur quia officia. Qui totam iure pariatur officia.', 0, 0, '2016-04-15 05:31:31');
INSERT INTO `messages` (`id`, `from_user_id`, `to_user_id`, `community_id`, `body`, `is_important`, `is_delivered`, `created_at`) VALUES (37, 77, 0, 59, 'Distinctio dolores sint et similique. Consectetur voluptatibus eveniet sed aut.', 0, 0, '2013-02-19 23:41:51');
INSERT INTO `messages` (`id`, `from_user_id`, `to_user_id`, `community_id`, `body`, `is_important`, `is_delivered`, `created_at`) VALUES (38, 58, 24, 0, 'Voluptas officia quia quod exercitationem culpa facere ut omnis. Doloremque tempora tenetur sit modi et natus. Eum sunt nulla inventore unde. Magni assumenda ut ipsum quia.', 1, 0, '2011-09-09 11:22:33');
INSERT INTO `messages` (`id`, `from_user_id`, `to_user_id`, `community_id`, `body`, `is_important`, `is_delivered`, `created_at`) VALUES (39, 41, 0, 11, 'Dolores voluptatem ut illo quae. Ea blanditiis hic qui ducimus omnis omnis accusamus voluptatem. Ipsam omnis molestias tenetur laborum optio est illo.', 0, 1, '2012-12-18 12:23:55');
INSERT INTO `messages` (`id`, `from_user_id`, `to_user_id`, `community_id`, `body`, `is_important`, `is_delivered`, `created_at`) VALUES (40, 65, 42, 0, 'Dolores animi explicabo mollitia adipisci. Et veniam repellendus ut. Dignissimos unde ut eveniet eaque qui consequatur exercitationem.', 0, 1, '2012-09-16 02:48:42');
INSERT INTO `messages` (`id`, `from_user_id`, `to_user_id`, `community_id`, `body`, `is_important`, `is_delivered`, `created_at`) VALUES (41, 31, 68, 0, 'Ut nobis et fugiat tempora ut vero soluta. Et laboriosam maiores deleniti. Sed officiis unde vel sint recusandae dolorem. Qui temporibus at dolores nesciunt.', 1, 1, '2017-10-15 16:31:43');
INSERT INTO `messages` (`id`, `from_user_id`, `to_user_id`, `community_id`, `body`, `is_important`, `is_delivered`, `created_at`) VALUES (42, 20, 0, 34, 'Unde deserunt rem voluptatem ut mollitia. Similique optio voluptatem dolores rem omnis qui. Optio voluptas provident officia perferendis quaerat quas. Nobis et amet qui ut illum et asperiores ea. Repellat neque quas rerum ratione porro.', 0, 1, '2017-08-19 04:00:49');
INSERT INTO `messages` (`id`, `from_user_id`, `to_user_id`, `community_id`, `body`, `is_important`, `is_delivered`, `created_at`) VALUES (43, 52, 32, 0, 'Tempore quis et suscipit ut id minus iusto ad. Aut modi facilis cumque sunt voluptate minima labore. Aliquid aperiam quae non et nisi.', 0, 1, '2016-03-07 06:34:18');
INSERT INTO `messages` (`id`, `from_user_id`, `to_user_id`, `community_id`, `body`, `is_important`, `is_delivered`, `created_at`) VALUES (44, 70, 35, 59, 'Sapiente et magni id velit. Hic temporibus eos maiores. Occaecati voluptas dolor libero provident ea maiores quas et. Cupiditate ea hic fuga deserunt aliquid sed aperiam.', 1, 0, '2019-05-20 04:38:03');
INSERT INTO `messages` (`id`, `from_user_id`, `to_user_id`, `community_id`, `body`, `is_important`, `is_delivered`, `created_at`) VALUES (45, 2, 0, 0, 'Maxime quam et ipsam aliquam qui. Ipsum totam optio est expedita sit excepturi aut. Doloremque delectus placeat ipsum illo doloribus molestias quis. Eum ut aspernatur sit quae fugiat aliquid dignissimos.', 0, 1, '2015-09-04 07:56:47');
INSERT INTO `messages` (`id`, `from_user_id`, `to_user_id`, `community_id`, `body`, `is_important`, `is_delivered`, `created_at`) VALUES (46, 93, 71, 0, 'Id quam sit reprehenderit asperiores ut earum iusto. Ab soluta rerum ab aut est. Rerum non modi occaecati placeat est consequuntur. Accusantium minima unde vel neque quo nam qui sit.', 1, 0, '2018-11-27 16:19:08');
INSERT INTO `messages` (`id`, `from_user_id`, `to_user_id`, `community_id`, `body`, `is_important`, `is_delivered`, `created_at`) VALUES (47, 16, 10, 0, 'Voluptatem quae aut velit debitis. Rerum repudiandae qui ducimus et eos aliquid. Consequatur minus modi aliquam laborum.', 1, 1, '2017-12-02 06:14:51');
INSERT INTO `messages` (`id`, `from_user_id`, `to_user_id`, `community_id`, `body`, `is_important`, `is_delivered`, `created_at`) VALUES (48, 66, 0, 46, 'Enim quia qui corrupti non error non. Magnam occaecati esse voluptatibus sint et non. Suscipit sit ad sed aut aut praesentium. Quas neque dolore doloribus voluptatem vel omnis nostrum.', 0, 1, '2011-01-08 03:24:45');
INSERT INTO `messages` (`id`, `from_user_id`, `to_user_id`, `community_id`, `body`, `is_important`, `is_delivered`, `created_at`) VALUES (49, 5, 0, 55, 'Eius id molestiae ut quos ad harum natus itaque. Laborum nihil sint dolores eligendi. Tempore ipsum placeat non voluptas odit beatae. Fugit cupiditate doloremque vel ratione in asperiores.', 1, 1, '2015-06-20 17:59:54');
INSERT INTO `messages` (`id`, `from_user_id`, `to_user_id`, `community_id`, `body`, `is_important`, `is_delivered`, `created_at`) VALUES (50, 95, 69, 0, 'Non occaecati qui dignissimos ullam ut pariatur libero illum. Quia et nostrum quisquam corrupti consequatur. Consequuntur dolorem nostrum earum doloremque reprehenderit. Blanditiis cumque earum quis enim provident aliquid ullam dignissimos.', 0, 0, '2010-04-25 09:40:54');
INSERT INTO `messages` (`id`, `from_user_id`, `to_user_id`, `community_id`, `body`, `is_important`, `is_delivered`, `created_at`) VALUES (51, 20, 0, 0, 'Aspernatur ad sed omnis eligendi accusantium maiores. Qui veritatis placeat voluptatem fugiat. Praesentium reprehenderit laborum vel quia harum quis.', 1, 0, '2010-10-13 10:14:46');
INSERT INTO `messages` (`id`, `from_user_id`, `to_user_id`, `community_id`, `body`, `is_important`, `is_delivered`, `created_at`) VALUES (52, 78, 54, 28, 'Rem sit quisquam deserunt sit tenetur laborum. Laudantium impedit eligendi non ducimus officiis autem. Odit tempora modi cumque in placeat. Reprehenderit ut non quisquam cupiditate quia minus temporibus.', 0, 0, '2013-10-28 00:00:43');
INSERT INTO `messages` (`id`, `from_user_id`, `to_user_id`, `community_id`, `body`, `is_important`, `is_delivered`, `created_at`) VALUES (53, 35, 0, 37, 'Aut consequatur explicabo eius odit quas id qui est. Odio inventore sunt eaque illo. Accusantium illum quia illum velit sunt quia odit. Asperiores natus temporibus vitae neque consequuntur aliquid. Aut laborum voluptatem asperiores odio.', 0, 0, '2011-05-26 15:17:47');
INSERT INTO `messages` (`id`, `from_user_id`, `to_user_id`, `community_id`, `body`, `is_important`, `is_delivered`, `created_at`) VALUES (54, 15, 72, 0, 'Id quia voluptatem architecto velit. Rerum quod eum libero velit illum. Debitis pariatur est quo omnis magnam.', 0, 0, '2014-05-25 07:29:40');
INSERT INTO `messages` (`id`, `from_user_id`, `to_user_id`, `community_id`, `body`, `is_important`, `is_delivered`, `created_at`) VALUES (55, 7, 0, 34, 'Ab voluptatem est amet. Quas non eveniet ducimus non. Repudiandae aliquam non ab praesentium dolores voluptatibus. Ducimus consectetur nemo ipsum alias.', 0, 1, '2012-06-06 17:52:10');
INSERT INTO `messages` (`id`, `from_user_id`, `to_user_id`, `community_id`, `body`, `is_important`, `is_delivered`, `created_at`) VALUES (56, 28, 23, 0, 'Dolorum dolores sint repellendus quos omnis sed. Totam iure voluptas voluptatem ut. Suscipit facere deleniti consectetur unde sit eligendi.', 0, 1, '2014-11-22 23:05:26');
INSERT INTO `messages` (`id`, `from_user_id`, `to_user_id`, `community_id`, `body`, `is_important`, `is_delivered`, `created_at`) VALUES (57, 81, 23, 74, 'Quo et consequuntur sed cupiditate vitae id. Assumenda veniam culpa ratione libero sunt quod. Quis autem maxime explicabo ex sed provident quisquam. Aut et autem iste ipsum illum aut in aut. Qui vitae nisi molestiae.', 1, 0, '2013-08-14 06:42:10');
INSERT INTO `messages` (`id`, `from_user_id`, `to_user_id`, `community_id`, `body`, `is_important`, `is_delivered`, `created_at`) VALUES (58, 5, 86, 39, 'Saepe atque quisquam quas soluta necessitatibus quod sit. Vel omnis magnam eius nisi explicabo repellendus tempore. Qui quisquam molestias velit in magnam et.', 1, 1, '2014-05-30 14:47:57');
INSERT INTO `messages` (`id`, `from_user_id`, `to_user_id`, `community_id`, `body`, `is_important`, `is_delivered`, `created_at`) VALUES (59, 89, 81, 21, 'Ratione numquam impedit cupiditate voluptatem est voluptate reiciendis. Et rerum corrupti recusandae et odio. Iste et officia molestiae velit quis est officiis.', 0, 1, '2014-02-19 09:13:30');
INSERT INTO `messages` (`id`, `from_user_id`, `to_user_id`, `community_id`, `body`, `is_important`, `is_delivered`, `created_at`) VALUES (60, 30, 1, 0, 'Qui qui minima voluptatem. Consequatur cumque sit provident dolor voluptates velit quas illo. Repellat voluptate quibusdam maiores id. Ut reiciendis et eum neque magnam et aut. Nihil natus iste ut sequi aut.', 0, 0, '2016-01-27 08:44:16');
INSERT INTO `messages` (`id`, `from_user_id`, `to_user_id`, `community_id`, `body`, `is_important`, `is_delivered`, `created_at`) VALUES (61, 33, 0, 0, 'Soluta qui ut dolores facere natus et aut. Animi eum vel et. Delectus qui expedita quia explicabo similique quia.', 0, 0, '2018-07-28 13:34:30');
INSERT INTO `messages` (`id`, `from_user_id`, `to_user_id`, `community_id`, `body`, `is_important`, `is_delivered`, `created_at`) VALUES (62, 86, 0, 74, 'Perferendis accusamus fuga sunt odio quis. Saepe veritatis ipsum soluta similique nam eius. Nisi dolorem sunt alias vitae qui qui autem.', 0, 1, '2011-05-19 23:03:44');
INSERT INTO `messages` (`id`, `from_user_id`, `to_user_id`, `community_id`, `body`, `is_important`, `is_delivered`, `created_at`) VALUES (63, 88, 34, 0, 'Eveniet officiis adipisci illum possimus in doloremque totam. Voluptatum eos enim sunt itaque blanditiis. Iste earum et velit deserunt. Expedita eius aliquam et laudantium repudiandae sit.', 0, 1, '2014-05-30 00:25:13');
INSERT INTO `messages` (`id`, `from_user_id`, `to_user_id`, `community_id`, `body`, `is_important`, `is_delivered`, `created_at`) VALUES (64, 58, 45, 0, 'Animi unde ipsa dolorem eligendi in. Unde aperiam dolorem et sint nisi tempora. Blanditiis minus architecto earum perspiciatis magni repellat quia saepe.', 0, 0, '2018-10-19 12:25:48');
INSERT INTO `messages` (`id`, `from_user_id`, `to_user_id`, `community_id`, `body`, `is_important`, `is_delivered`, `created_at`) VALUES (65, 39, 7, 9, 'Perferendis nam quo architecto non omnis doloremque enim. Autem eligendi quaerat aut ut corrupti. Praesentium quis error eum molestiae rerum inventore qui. Voluptatibus cum amet esse quas laudantium tempore quo sapiente.', 1, 1, '2012-12-31 19:37:04');
INSERT INTO `messages` (`id`, `from_user_id`, `to_user_id`, `community_id`, `body`, `is_important`, `is_delivered`, `created_at`) VALUES (66, 78, 93, 35, 'Deleniti dolores voluptate libero est et explicabo quaerat dignissimos. Ut non modi aut sit occaecati illum quis.', 1, 0, '2013-12-19 18:39:08');
INSERT INTO `messages` (`id`, `from_user_id`, `to_user_id`, `community_id`, `body`, `is_important`, `is_delivered`, `created_at`) VALUES (67, 56, 34, 72, 'Ipsum et labore sed sunt. Et enim aut sit qui magni id optio. Eos sunt non voluptas aut.', 1, 0, '2013-05-21 23:24:22');
INSERT INTO `messages` (`id`, `from_user_id`, `to_user_id`, `community_id`, `body`, `is_important`, `is_delivered`, `created_at`) VALUES (68, 93, 93, 0, 'Quia aut in sed. Totam sunt vel molestiae dolor aut. Quia nobis neque amet aut.', 0, 0, '2018-09-02 17:48:47');
INSERT INTO `messages` (`id`, `from_user_id`, `to_user_id`, `community_id`, `body`, `is_important`, `is_delivered`, `created_at`) VALUES (69, 11, 0, 72, 'Nobis adipisci sint omnis et ipsum. Dolores explicabo et fuga saepe ab. Iure ut voluptate sit earum id ut quae velit. Nihil beatae praesentium iusto sint rerum totam quo.', 1, 1, '2013-05-06 14:09:51');
INSERT INTO `messages` (`id`, `from_user_id`, `to_user_id`, `community_id`, `body`, `is_important`, `is_delivered`, `created_at`) VALUES (70, 67, 92, 74, 'Libero magnam labore rem aperiam molestiae a voluptates pariatur. Enim nihil consequatur aut dolorem asperiores et. Eius impedit sit sit fugit nesciunt a beatae. Quos est iure fugiat facere ut ea.', 1, 0, '2015-06-23 12:08:07');
INSERT INTO `messages` (`id`, `from_user_id`, `to_user_id`, `community_id`, `body`, `is_important`, `is_delivered`, `created_at`) VALUES (71, 45, 74, 35, 'Sit facere ea ullam laborum hic. Adipisci corrupti mollitia excepturi molestiae quisquam nostrum. Incidunt voluptatibus consectetur eveniet minima magni hic eveniet.', 1, 0, '2013-01-11 05:41:46');
INSERT INTO `messages` (`id`, `from_user_id`, `to_user_id`, `community_id`, `body`, `is_important`, `is_delivered`, `created_at`) VALUES (72, 91, 0, 0, 'Fugiat laborum porro praesentium voluptatem. Velit deserunt illum dolores id. Repudiandae necessitatibus suscipit molestias rem praesentium et excepturi.', 0, 1, '2011-04-03 21:43:03');
INSERT INTO `messages` (`id`, `from_user_id`, `to_user_id`, `community_id`, `body`, `is_important`, `is_delivered`, `created_at`) VALUES (73, 56, 0, 13, 'Blanditiis sunt sint beatae doloribus animi. Eius aut neque at et illo qui sit sed. Ipsa architecto dolorum odio est atque.', 0, 1, '2013-12-07 04:06:42');
INSERT INTO `messages` (`id`, `from_user_id`, `to_user_id`, `community_id`, `body`, `is_important`, `is_delivered`, `created_at`) VALUES (74, 43, 82, 0, 'Veritatis dolore dolorem consequatur atque. Veniam est officiis in ipsa. Aut maiores a quaerat nesciunt aut totam. Aliquam unde voluptatem pariatur est porro.', 0, 0, '2015-01-08 16:52:36');
INSERT INTO `messages` (`id`, `from_user_id`, `to_user_id`, `community_id`, `body`, `is_important`, `is_delivered`, `created_at`) VALUES (75, 51, 0, 77, 'Quisquam magnam eum veritatis harum laboriosam inventore eius voluptatibus. Laborum quis iure ad earum. Sint sed consectetur magni nostrum eos amet quis. Illum corrupti minima corporis.', 1, 1, '2013-02-22 20:04:56');
INSERT INTO `messages` (`id`, `from_user_id`, `to_user_id`, `community_id`, `body`, `is_important`, `is_delivered`, `created_at`) VALUES (76, 56, 37, 0, 'Aut repellat explicabo quisquam cupiditate nulla. Nam repudiandae dolor repudiandae voluptas saepe voluptas. Vel asperiores quas et eveniet sed. Sed accusamus quia corrupti quisquam natus modi.', 1, 1, '2017-09-10 10:46:50');
INSERT INTO `messages` (`id`, `from_user_id`, `to_user_id`, `community_id`, `body`, `is_important`, `is_delivered`, `created_at`) VALUES (77, 26, 0, 0, 'Eligendi ullam quae autem tenetur. Veritatis est suscipit laborum veniam quia et veniam. Minima facere asperiores earum itaque quibusdam. Aut et ut adipisci libero at omnis.', 1, 0, '2020-01-19 19:36:07');
INSERT INTO `messages` (`id`, `from_user_id`, `to_user_id`, `community_id`, `body`, `is_important`, `is_delivered`, `created_at`) VALUES (78, 35, 0, 37, 'Sint recusandae praesentium quia. Cumque est atque debitis.', 0, 0, '2014-07-26 15:31:10');
INSERT INTO `messages` (`id`, `from_user_id`, `to_user_id`, `community_id`, `body`, `is_important`, `is_delivered`, `created_at`) VALUES (79, 67, 0, 0, 'Quasi modi eligendi maxime vel rerum. Odio accusamus occaecati vel labore ab. Vitae et corrupti architecto. Quas eum voluptate ut voluptatibus provident voluptatem.', 1, 0, '2013-09-02 11:32:12');
INSERT INTO `messages` (`id`, `from_user_id`, `to_user_id`, `community_id`, `body`, `is_important`, `is_delivered`, `created_at`) VALUES (80, 21, 81, 70, 'Et accusamus amet deleniti repudiandae molestiae ad aspernatur distinctio. Impedit est laborum voluptatem facilis magni. Ipsam saepe quia occaecati corrupti.', 1, 0, '2016-09-01 07:32:48');
INSERT INTO `messages` (`id`, `from_user_id`, `to_user_id`, `community_id`, `body`, `is_important`, `is_delivered`, `created_at`) VALUES (81, 18, 0, 98, 'Maiores nostrum consequuntur sed magnam accusantium. Voluptatum ratione ex distinctio et aut minima et ad.', 0, 1, '2014-07-30 08:29:30');
INSERT INTO `messages` (`id`, `from_user_id`, `to_user_id`, `community_id`, `body`, `is_important`, `is_delivered`, `created_at`) VALUES (82, 100, 0, 54, 'Consequatur est tempora incidunt et voluptatem quidem qui. Magni et veniam repudiandae ut ratione est. Numquam qui aspernatur officia sit ab doloremque omnis.', 1, 1, '2013-11-13 03:46:30');
INSERT INTO `messages` (`id`, `from_user_id`, `to_user_id`, `community_id`, `body`, `is_important`, `is_delivered`, `created_at`) VALUES (83, 52, 70, 0, 'Quo minus qui voluptatem ad eos omnis. Eum inventore voluptates ipsum saepe aut ut perspiciatis. Facilis corporis esse omnis. Eius deleniti ut temporibus omnis animi adipisci.', 1, 0, '2013-06-29 21:05:01');
INSERT INTO `messages` (`id`, `from_user_id`, `to_user_id`, `community_id`, `body`, `is_important`, `is_delivered`, `created_at`) VALUES (84, 37, 14, 75, 'Deleniti maxime ut minima illo aliquid. Enim recusandae similique vitae omnis. Aliquid adipisci sint et nemo ut iure. Amet excepturi maxime placeat qui distinctio ea libero.', 0, 0, '2017-04-30 23:23:16');
INSERT INTO `messages` (`id`, `from_user_id`, `to_user_id`, `community_id`, `body`, `is_important`, `is_delivered`, `created_at`) VALUES (85, 72, 0, 0, 'Necessitatibus sunt voluptatum impedit quaerat amet voluptatum error explicabo. Qui ut assumenda dolorem expedita distinctio ipsam. Aut eveniet pariatur voluptatem suscipit ut similique quia reprehenderit. Necessitatibus eligendi corporis quis explicabo. Corporis reprehenderit asperiores aut qui accusantium minus.', 0, 1, '2011-11-18 10:44:32');
INSERT INTO `messages` (`id`, `from_user_id`, `to_user_id`, `community_id`, `body`, `is_important`, `is_delivered`, `created_at`) VALUES (86, 31, 39, 0, 'Omnis magnam voluptatem sint ut corrupti. Excepturi nihil harum est totam aut blanditiis quia. Corporis dignissimos accusamus tempora minus exercitationem.', 1, 0, '2011-04-23 00:31:15');
INSERT INTO `messages` (`id`, `from_user_id`, `to_user_id`, `community_id`, `body`, `is_important`, `is_delivered`, `created_at`) VALUES (87, 29, 0, 0, 'A neque fugit rerum ut et amet molestias. Ab deleniti et soluta voluptatem dolorem. Quia et temporibus quia quo voluptatem non.', 1, 1, '2012-07-04 03:23:49');
INSERT INTO `messages` (`id`, `from_user_id`, `to_user_id`, `community_id`, `body`, `is_important`, `is_delivered`, `created_at`) VALUES (88, 94, 17, 0, 'Maiores ea eum facilis non necessitatibus expedita. Laboriosam mollitia iure voluptatem sapiente quis. Est asperiores eaque temporibus id maxime. Quia adipisci quas quia soluta non unde vel nobis. Quibusdam est fugit quas at ea omnis ipsum numquam.', 1, 1, '2014-05-22 09:25:29');
INSERT INTO `messages` (`id`, `from_user_id`, `to_user_id`, `community_id`, `body`, `is_important`, `is_delivered`, `created_at`) VALUES (89, 92, 0, 47, 'Voluptatum est ad esse voluptates. Quia odio molestiae repellat corporis. Ex provident animi commodi totam. Aut et occaecati pariatur corporis voluptatibus.', 0, 0, '2016-03-01 10:39:59');
INSERT INTO `messages` (`id`, `from_user_id`, `to_user_id`, `community_id`, `body`, `is_important`, `is_delivered`, `created_at`) VALUES (90, 77, 0, 51, 'Sunt illum blanditiis vel quidem voluptatem. Fuga expedita vel voluptatum omnis. Sunt sed ad molestiae voluptatem ipsa. Et earum praesentium accusantium cupiditate assumenda maxime.', 1, 0, '2019-09-29 16:04:12');
INSERT INTO `messages` (`id`, `from_user_id`, `to_user_id`, `community_id`, `body`, `is_important`, `is_delivered`, `created_at`) VALUES (91, 37, 0, 66, 'Qui id et ab nihil sint perspiciatis laborum. Quas ducimus dolores vel sed.', 0, 1, '2018-11-16 11:17:20');
INSERT INTO `messages` (`id`, `from_user_id`, `to_user_id`, `community_id`, `body`, `is_important`, `is_delivered`, `created_at`) VALUES (92, 52, 17, 0, 'Molestiae magnam quas ad et aperiam eius corrupti. Unde sit impedit deserunt. Dolor culpa corporis iure delectus qui quia porro. Necessitatibus quia eius ea voluptatum beatae voluptatem nulla.', 1, 1, '2019-05-17 18:50:34');
INSERT INTO `messages` (`id`, `from_user_id`, `to_user_id`, `community_id`, `body`, `is_important`, `is_delivered`, `created_at`) VALUES (93, 13, 20, 0, 'Voluptatem ut quia ea consequatur. Quia modi error eos veritatis numquam voluptate iure. Libero delectus odit enim nihil est vel autem.', 0, 0, '2010-05-04 02:27:09');
INSERT INTO `messages` (`id`, `from_user_id`, `to_user_id`, `community_id`, `body`, `is_important`, `is_delivered`, `created_at`) VALUES (94, 88, 0, 0, 'Molestiae rerum necessitatibus non inventore harum exercitationem est eaque. Porro aut dolorem et totam. Recusandae dolor sint sit possimus minus delectus eveniet cumque.', 1, 0, '2016-05-22 00:06:46');
INSERT INTO `messages` (`id`, `from_user_id`, `to_user_id`, `community_id`, `body`, `is_important`, `is_delivered`, `created_at`) VALUES (95, 36, 15, 0, 'Nulla praesentium recusandae consequuntur et dolorem aliquid aut voluptatem. Eum minima est nulla consequuntur eos. Molestiae cum nam hic aperiam et eius dolore.', 0, 1, '2019-11-27 18:06:06');
INSERT INTO `messages` (`id`, `from_user_id`, `to_user_id`, `community_id`, `body`, `is_important`, `is_delivered`, `created_at`) VALUES (96, 26, 68, 0, 'Rerum quam autem explicabo earum totam autem vel ea. Sit neque temporibus quis eum dolor cumque nostrum numquam. Fuga tenetur voluptas reiciendis amet.', 1, 1, '2010-12-14 23:06:09');
INSERT INTO `messages` (`id`, `from_user_id`, `to_user_id`, `community_id`, `body`, `is_important`, `is_delivered`, `created_at`) VALUES (97, 41, 18, 3, 'Eum voluptas delectus necessitatibus voluptate. Voluptas quisquam dicta quos fuga omnis. Sequi in eaque reprehenderit in temporibus libero. Labore iusto et laudantium.', 1, 0, '2019-01-13 19:11:30');
INSERT INTO `messages` (`id`, `from_user_id`, `to_user_id`, `community_id`, `body`, `is_important`, `is_delivered`, `created_at`) VALUES (98, 29, 77, 0, 'Aut dolores omnis qui ea molestiae amet. Voluptatem architecto accusamus voluptate at ut inventore doloremque. Sit occaecati aut tempora voluptatem magnam laborum. Atque quae sit qui.', 0, 0, '2019-10-08 18:23:07');
INSERT INTO `messages` (`id`, `from_user_id`, `to_user_id`, `community_id`, `body`, `is_important`, `is_delivered`, `created_at`) VALUES (99, 52, 0, 46, 'Laudantium nihil itaque cum aut eligendi. Dolor numquam error voluptatem similique non nostrum. Qui beatae molestiae illum voluptas sunt qui ab. Et harum et dolores et officia omnis iusto ducimus.', 0, 1, '2010-05-05 13:43:12');
INSERT INTO `messages` (`id`, `from_user_id`, `to_user_id`, `community_id`, `body`, `is_important`, `is_delivered`, `created_at`) VALUES (100, 42, 97, 0, 'Et et sit repellat ea. Culpa suscipit qui at deleniti vitae. Consectetur libero doloremque ut molestiae.', 0, 1, '2014-12-20 21:25:52');


#
# TABLE STRUCTURE FOR: profiles
#

DROP TABLE IF EXISTS `profiles`;

CREATE TABLE `profiles` (
  `user_id` int(10) unsigned NOT NULL,
  `gender` char(1) COLLATE utf8_unicode_ci NOT NULL,
  `birthday` date DEFAULT NULL,
  `city` varchar(100) COLLATE utf8_unicode_ci DEFAULT NULL,
  `country` varchar(100) COLLATE utf8_unicode_ci DEFAULT NULL,
  PRIMARY KEY (`user_id`)
) ENGINE=InnoDB DEFAULT CHARSET=utf8 COLLATE=utf8_unicode_ci;

INSERT INTO `profiles` (`user_id`, `gender`, `birthday`, `city`, `country`) VALUES (1, '1', '1977-06-06', 'New Pearlland', 'Malaysia');
INSERT INTO `profiles` (`user_id`, `gender`, `birthday`, `city`, `country`) VALUES (2, '1', '1990-02-20', 'Hettingertown', 'Saint Martin');
INSERT INTO `profiles` (`user_id`, `gender`, `birthday`, `city`, `country`) VALUES (3, '2', '1971-01-16', 'Boyleborough', 'Jersey');
INSERT INTO `profiles` (`user_id`, `gender`, `birthday`, `city`, `country`) VALUES (4, '1', '1976-07-21', 'Okunevabury', 'Micronesia');
INSERT INTO `profiles` (`user_id`, `gender`, `birthday`, `city`, `country`) VALUES (5, '2', '1976-10-24', 'South Kolby', 'Swaziland');
INSERT INTO `profiles` (`user_id`, `gender`, `birthday`, `city`, `country`) VALUES (6, '1', '1977-12-30', 'Veumfort', 'Burkina Faso');
INSERT INTO `profiles` (`user_id`, `gender`, `birthday`, `city`, `country`) VALUES (7, '2', '1976-05-17', 'South Artburgh', 'Greenland');
INSERT INTO `profiles` (`user_id`, `gender`, `birthday`, `city`, `country`) VALUES (8, '1', '1973-12-04', 'Jerometon', 'United States of America');
INSERT INTO `profiles` (`user_id`, `gender`, `birthday`, `city`, `country`) VALUES (9, '1', '1991-10-10', 'Zacheryfort', 'Sierra Leone');
INSERT INTO `profiles` (`user_id`, `gender`, `birthday`, `city`, `country`) VALUES (10, '1', '1990-03-07', 'Gulgowskiland', 'Philippines');
INSERT INTO `profiles` (`user_id`, `gender`, `birthday`, `city`, `country`) VALUES (11, '1', '1991-06-09', 'North Helmer', 'Vietnam');
INSERT INTO `profiles` (`user_id`, `gender`, `birthday`, `city`, `country`) VALUES (12, '1', '1991-07-10', 'New Mosheshire', 'Singapore');
INSERT INTO `profiles` (`user_id`, `gender`, `birthday`, `city`, `country`) VALUES (13, '1', '1985-12-30', 'Ivytown', 'Dominica');
INSERT INTO `profiles` (`user_id`, `gender`, `birthday`, `city`, `country`) VALUES (14, '2', '1974-11-05', 'North Dayanatown', 'Mongolia');
INSERT INTO `profiles` (`user_id`, `gender`, `birthday`, `city`, `country`) VALUES (15, '1', '1973-09-23', 'Vonmouth', 'Bangladesh');
INSERT INTO `profiles` (`user_id`, `gender`, `birthday`, `city`, `country`) VALUES (16, '1', '1985-05-08', 'Creolabury', 'Equatorial Guinea');
INSERT INTO `profiles` (`user_id`, `gender`, `birthday`, `city`, `country`) VALUES (17, '2', '1995-01-12', 'Purdyberg', 'United States Minor Outlying Islands');
INSERT INTO `profiles` (`user_id`, `gender`, `birthday`, `city`, `country`) VALUES (18, '2', '2000-02-03', 'East Yessenia', 'Taiwan');
INSERT INTO `profiles` (`user_id`, `gender`, `birthday`, `city`, `country`) VALUES (19, '1', '1971-10-18', 'Wymanville', 'Isle of Man');
INSERT INTO `profiles` (`user_id`, `gender`, `birthday`, `city`, `country`) VALUES (20, '2', '1989-03-25', 'Gibsonshire', 'Sao Tome and Principe');
INSERT INTO `profiles` (`user_id`, `gender`, `birthday`, `city`, `country`) VALUES (21, '1', '1994-08-09', 'Enachester', 'Tuvalu');
INSERT INTO `profiles` (`user_id`, `gender`, `birthday`, `city`, `country`) VALUES (22, '1', '1992-06-20', 'Macejkovicside', 'Denmark');
INSERT INTO `profiles` (`user_id`, `gender`, `birthday`, `city`, `country`) VALUES (23, '1', '1986-06-21', 'Turcottemouth', 'Senegal');
INSERT INTO `profiles` (`user_id`, `gender`, `birthday`, `city`, `country`) VALUES (24, '1', '1987-11-01', 'Ignaciofort', 'Uruguay');
INSERT INTO `profiles` (`user_id`, `gender`, `birthday`, `city`, `country`) VALUES (25, '1', '1992-12-02', 'East Cassie', 'Tokelau');
INSERT INTO `profiles` (`user_id`, `gender`, `birthday`, `city`, `country`) VALUES (26, '2', '1974-07-30', 'Port Warren', 'Montenegro');
INSERT INTO `profiles` (`user_id`, `gender`, `birthday`, `city`, `country`) VALUES (27, '2', '1977-05-05', 'Kirlinfurt', 'Venezuela');
INSERT INTO `profiles` (`user_id`, `gender`, `birthday`, `city`, `country`) VALUES (28, '2', '1971-07-13', 'Leannonton', 'South Africa');
INSERT INTO `profiles` (`user_id`, `gender`, `birthday`, `city`, `country`) VALUES (29, '2', '1999-03-15', 'West Rhoda', 'Korea');
INSERT INTO `profiles` (`user_id`, `gender`, `birthday`, `city`, `country`) VALUES (30, '1', '1984-12-29', 'Boylemouth', 'Lao People\'s Democratic Republic');
INSERT INTO `profiles` (`user_id`, `gender`, `birthday`, `city`, `country`) VALUES (31, '1', '1987-10-06', 'West Percival', 'Malawi');
INSERT INTO `profiles` (`user_id`, `gender`, `birthday`, `city`, `country`) VALUES (32, '2', '1971-07-21', 'Gerlachtown', 'Algeria');
INSERT INTO `profiles` (`user_id`, `gender`, `birthday`, `city`, `country`) VALUES (33, '1', '2000-03-21', 'Lake Gavinfort', 'Bosnia and Herzegovina');
INSERT INTO `profiles` (`user_id`, `gender`, `birthday`, `city`, `country`) VALUES (34, '1', '1978-04-08', 'Bergeport', 'Angola');
INSERT INTO `profiles` (`user_id`, `gender`, `birthday`, `city`, `country`) VALUES (35, '2', '1987-08-10', 'North Crawford', 'Uganda');
INSERT INTO `profiles` (`user_id`, `gender`, `birthday`, `city`, `country`) VALUES (36, '2', '1981-11-10', 'New Columbus', 'Singapore');
INSERT INTO `profiles` (`user_id`, `gender`, `birthday`, `city`, `country`) VALUES (37, '1', '1987-11-08', 'Zulaufland', 'Thailand');
INSERT INTO `profiles` (`user_id`, `gender`, `birthday`, `city`, `country`) VALUES (38, '2', '1982-12-04', 'Port Levishire', 'Bolivia');
INSERT INTO `profiles` (`user_id`, `gender`, `birthday`, `city`, `country`) VALUES (39, '1', '1982-05-29', 'West Zoie', 'Bolivia');
INSERT INTO `profiles` (`user_id`, `gender`, `birthday`, `city`, `country`) VALUES (40, '1', '1978-12-25', 'Arnoland', 'Australia');
INSERT INTO `profiles` (`user_id`, `gender`, `birthday`, `city`, `country`) VALUES (41, '1', '1992-01-19', 'New Anita', 'Jamaica');
INSERT INTO `profiles` (`user_id`, `gender`, `birthday`, `city`, `country`) VALUES (42, '1', '1991-10-06', 'Gibsonville', 'Mongolia');
INSERT INTO `profiles` (`user_id`, `gender`, `birthday`, `city`, `country`) VALUES (43, '1', '1976-12-24', 'Citlallistad', 'Holy See (Vatican City State)');
INSERT INTO `profiles` (`user_id`, `gender`, `birthday`, `city`, `country`) VALUES (44, '1', '1993-09-29', 'Esmeraldaton', 'Micronesia');
INSERT INTO `profiles` (`user_id`, `gender`, `birthday`, `city`, `country`) VALUES (45, '2', '1994-04-08', 'Wilkinsonfurt', 'Peru');
INSERT INTO `profiles` (`user_id`, `gender`, `birthday`, `city`, `country`) VALUES (46, '2', '1993-09-08', 'Lindside', 'Malta');
INSERT INTO `profiles` (`user_id`, `gender`, `birthday`, `city`, `country`) VALUES (47, '2', '1986-08-13', 'Demarcusbury', 'Grenada');
INSERT INTO `profiles` (`user_id`, `gender`, `birthday`, `city`, `country`) VALUES (48, '2', '1997-10-16', 'South Ginashire', 'Korea');
INSERT INTO `profiles` (`user_id`, `gender`, `birthday`, `city`, `country`) VALUES (49, '1', '1995-02-07', 'East Adrienberg', 'South Georgia and the South Sandwich Islands');
INSERT INTO `profiles` (`user_id`, `gender`, `birthday`, `city`, `country`) VALUES (50, '2', '1994-11-26', 'Adrienland', 'Guatemala');
INSERT INTO `profiles` (`user_id`, `gender`, `birthday`, `city`, `country`) VALUES (51, '1', '1996-10-29', 'Schneidermouth', 'France');
INSERT INTO `profiles` (`user_id`, `gender`, `birthday`, `city`, `country`) VALUES (52, '2', '1975-05-24', 'East Skye', 'Comoros');
INSERT INTO `profiles` (`user_id`, `gender`, `birthday`, `city`, `country`) VALUES (53, '2', '1987-11-02', 'Smithburgh', 'Fiji');
INSERT INTO `profiles` (`user_id`, `gender`, `birthday`, `city`, `country`) VALUES (54, '2', '1990-03-22', 'New Merlinmouth', 'Senegal');
INSERT INTO `profiles` (`user_id`, `gender`, `birthday`, `city`, `country`) VALUES (55, '2', '1986-08-26', 'Vitoside', 'Burundi');
INSERT INTO `profiles` (`user_id`, `gender`, `birthday`, `city`, `country`) VALUES (56, '2', '1974-05-13', 'Port Katherineland', 'Colombia');
INSERT INTO `profiles` (`user_id`, `gender`, `birthday`, `city`, `country`) VALUES (57, '2', '1980-03-19', 'Port Florianstad', 'Rwanda');
INSERT INTO `profiles` (`user_id`, `gender`, `birthday`, `city`, `country`) VALUES (58, '1', '1992-04-13', 'North Rosemarieborough', 'Nigeria');
INSERT INTO `profiles` (`user_id`, `gender`, `birthday`, `city`, `country`) VALUES (59, '2', '1993-11-29', 'DuBuqueville', 'Serbia');
INSERT INTO `profiles` (`user_id`, `gender`, `birthday`, `city`, `country`) VALUES (60, '2', '1971-03-13', 'Port Kirsten', 'Djibouti');
INSERT INTO `profiles` (`user_id`, `gender`, `birthday`, `city`, `country`) VALUES (61, '1', '1996-07-02', 'North Graysonfort', 'Yemen');
INSERT INTO `profiles` (`user_id`, `gender`, `birthday`, `city`, `country`) VALUES (62, '1', '1997-01-22', 'Taraview', 'Taiwan');
INSERT INTO `profiles` (`user_id`, `gender`, `birthday`, `city`, `country`) VALUES (63, '2', '1982-10-01', 'South Paulineborough', 'Guadeloupe');
INSERT INTO `profiles` (`user_id`, `gender`, `birthday`, `city`, `country`) VALUES (64, '1', '1972-10-21', 'Eloisamouth', 'San Marino');
INSERT INTO `profiles` (`user_id`, `gender`, `birthday`, `city`, `country`) VALUES (65, '2', '1993-04-02', 'Port Hertaside', 'Puerto Rico');
INSERT INTO `profiles` (`user_id`, `gender`, `birthday`, `city`, `country`) VALUES (66, '1', '1989-02-09', 'Mayerborough', 'Turkey');
INSERT INTO `profiles` (`user_id`, `gender`, `birthday`, `city`, `country`) VALUES (67, '2', '1981-10-29', 'Vonbury', 'Benin');
INSERT INTO `profiles` (`user_id`, `gender`, `birthday`, `city`, `country`) VALUES (68, '1', '1973-11-09', 'West Kayliberg', 'Svalbard & Jan Mayen Islands');
INSERT INTO `profiles` (`user_id`, `gender`, `birthday`, `city`, `country`) VALUES (69, '1', '1983-08-31', 'Port Rudolphmouth', 'Vanuatu');
INSERT INTO `profiles` (`user_id`, `gender`, `birthday`, `city`, `country`) VALUES (70, '2', '1992-09-23', 'Watersfort', 'Gibraltar');
INSERT INTO `profiles` (`user_id`, `gender`, `birthday`, `city`, `country`) VALUES (71, '1', '1990-11-10', 'Darwinbury', 'Congo');
INSERT INTO `profiles` (`user_id`, `gender`, `birthday`, `city`, `country`) VALUES (72, '2', '1986-06-17', 'New Neomahaven', 'Falkland Islands (Malvinas)');
INSERT INTO `profiles` (`user_id`, `gender`, `birthday`, `city`, `country`) VALUES (73, '2', '1975-07-16', 'Reichelland', 'Italy');
INSERT INTO `profiles` (`user_id`, `gender`, `birthday`, `city`, `country`) VALUES (74, '2', '1982-08-03', 'West Bertha', 'Cocos (Keeling) Islands');
INSERT INTO `profiles` (`user_id`, `gender`, `birthday`, `city`, `country`) VALUES (75, '2', '1984-09-16', 'New Rachelleview', 'Micronesia');
INSERT INTO `profiles` (`user_id`, `gender`, `birthday`, `city`, `country`) VALUES (76, '2', '1995-11-01', 'Port Tayaville', 'Slovakia (Slovak Republic)');
INSERT INTO `profiles` (`user_id`, `gender`, `birthday`, `city`, `country`) VALUES (77, '1', '1987-03-20', 'Veumbury', 'Mayotte');
INSERT INTO `profiles` (`user_id`, `gender`, `birthday`, `city`, `country`) VALUES (78, '1', '1988-11-02', 'Bednarview', 'Taiwan');
INSERT INTO `profiles` (`user_id`, `gender`, `birthday`, `city`, `country`) VALUES (79, '1', '1994-08-23', 'South Bettye', 'Sao Tome and Principe');
INSERT INTO `profiles` (`user_id`, `gender`, `birthday`, `city`, `country`) VALUES (80, '1', '1985-09-24', 'Fridachester', 'Cameroon');
INSERT INTO `profiles` (`user_id`, `gender`, `birthday`, `city`, `country`) VALUES (81, '1', '1989-09-26', 'West Diamondton', 'Egypt');
INSERT INTO `profiles` (`user_id`, `gender`, `birthday`, `city`, `country`) VALUES (82, '2', '1981-07-06', 'Fannieport', 'Seychelles');
INSERT INTO `profiles` (`user_id`, `gender`, `birthday`, `city`, `country`) VALUES (83, '2', '1980-11-24', 'Boganside', 'British Indian Ocean Territory (Chagos Archipelago)');
INSERT INTO `profiles` (`user_id`, `gender`, `birthday`, `city`, `country`) VALUES (84, '1', '1973-09-28', 'Port Uriahside', 'Sri Lanka');
INSERT INTO `profiles` (`user_id`, `gender`, `birthday`, `city`, `country`) VALUES (85, '1', '1994-12-13', 'Watsicamouth', 'Austria');
INSERT INTO `profiles` (`user_id`, `gender`, `birthday`, `city`, `country`) VALUES (86, '2', '1982-04-23', 'South Wendellmouth', 'Cyprus');
INSERT INTO `profiles` (`user_id`, `gender`, `birthday`, `city`, `country`) VALUES (87, '2', '1992-04-17', 'Rowehaven', 'Suriname');
INSERT INTO `profiles` (`user_id`, `gender`, `birthday`, `city`, `country`) VALUES (88, '2', '1994-06-09', 'Rayville', 'United Arab Emirates');
INSERT INTO `profiles` (`user_id`, `gender`, `birthday`, `city`, `country`) VALUES (89, '1', '1986-07-16', 'South Guy', 'Namibia');
INSERT INTO `profiles` (`user_id`, `gender`, `birthday`, `city`, `country`) VALUES (90, '1', '1985-06-19', 'Hilllfort', 'Saint Martin');
INSERT INTO `profiles` (`user_id`, `gender`, `birthday`, `city`, `country`) VALUES (91, '1', '1992-04-24', 'Croninfort', 'Bosnia and Herzegovina');
INSERT INTO `profiles` (`user_id`, `gender`, `birthday`, `city`, `country`) VALUES (92, '1', '1981-09-04', 'Wilhelmineside', 'Ethiopia');
INSERT INTO `profiles` (`user_id`, `gender`, `birthday`, `city`, `country`) VALUES (93, '1', '1982-10-13', 'Nadiaville', 'Turks and Caicos Islands');
INSERT INTO `profiles` (`user_id`, `gender`, `birthday`, `city`, `country`) VALUES (94, '2', '1998-02-26', 'North Lennie', 'Mexico');
INSERT INTO `profiles` (`user_id`, `gender`, `birthday`, `city`, `country`) VALUES (95, '2', '1976-02-08', 'New Timothy', 'India');
INSERT INTO `profiles` (`user_id`, `gender`, `birthday`, `city`, `country`) VALUES (96, '2', '1993-04-14', 'Mabelleland', 'Georgia');
INSERT INTO `profiles` (`user_id`, `gender`, `birthday`, `city`, `country`) VALUES (97, '2', '1998-11-17', 'Toreyville', 'Timor-Leste');
INSERT INTO `profiles` (`user_id`, `gender`, `birthday`, `city`, `country`) VALUES (98, '1', '1999-01-17', 'Delberthaven', 'Congo');
INSERT INTO `profiles` (`user_id`, `gender`, `birthday`, `city`, `country`) VALUES (99, '2', '1996-11-10', 'Johnsonbury', 'Syrian Arab Republic');
INSERT INTO `profiles` (`user_id`, `gender`, `birthday`, `city`, `country`) VALUES (100, '2', '1978-01-18', 'East Zachary', 'Burkina Faso');


#
# TABLE STRUCTURE FOR: users
#

DROP TABLE IF EXISTS `users`;

CREATE TABLE `users` (
  `id` int(10) unsigned NOT NULL AUTO_INCREMENT,
  `first_name` varchar(100) COLLATE utf8_unicode_ci NOT NULL,
  `last_name` varchar(100) COLLATE utf8_unicode_ci NOT NULL,
  `email` varchar(120) COLLATE utf8_unicode_ci NOT NULL,
  `phone` varchar(120) COLLATE utf8_unicode_ci NOT NULL,
  `created_at` datetime DEFAULT current_timestamp(),
  `updated_at` datetime DEFAULT current_timestamp() ON UPDATE current_timestamp(),
  PRIMARY KEY (`id`),
  UNIQUE KEY `email` (`email`),
  UNIQUE KEY `phone` (`phone`)
) ENGINE=InnoDB AUTO_INCREMENT=101 DEFAULT CHARSET=utf8 COLLATE=utf8_unicode_ci;

INSERT INTO `users` (`id`, `first_name`, `last_name`, `email`, `phone`, `created_at`, `updated_at`) VALUES (1, 'Valerie', 'Rolfson', 'katarina.powlowski@example.com', '+05(1)1632861748', '2015-01-06 16:46:17', '2019-04-26 18:51:23');
INSERT INTO `users` (`id`, `first_name`, `last_name`, `email`, `phone`, `created_at`, `updated_at`) VALUES (2, 'Madilyn', 'Hessel', 'dave82@example.com', '+85(5)4332968828', '2013-12-12 04:32:55', '2016-08-27 03:21:52');
INSERT INTO `users` (`id`, `first_name`, `last_name`, `email`, `phone`, `created_at`, `updated_at`) VALUES (3, 'Asa', 'Kirlin', 'schaden.michael@example.net', '1-907-633-8838x264', '2012-08-04 00:34:20', '2017-01-03 23:01:25');
INSERT INTO `users` (`id`, `first_name`, `last_name`, `email`, `phone`, `created_at`, `updated_at`) VALUES (4, 'Reece', 'Lindgren', 'ohahn@example.org', '192.987.2818x290', '2013-11-10 13:28:08', '2016-01-23 19:19:00');
INSERT INTO `users` (`id`, `first_name`, `last_name`, `email`, `phone`, `created_at`, `updated_at`) VALUES (5, 'Lon', 'Connelly', 'burdette.hahn@example.com', '(260)880-9302x68402', '2012-08-11 14:11:18', '2017-03-05 16:29:49');
INSERT INTO `users` (`id`, `first_name`, `last_name`, `email`, `phone`, `created_at`, `updated_at`) VALUES (6, 'Daisha', 'Kuphal', 'mohamed24@example.net', '(914)494-2955x82015', '2011-10-14 11:16:25', '2015-05-23 13:11:12');
INSERT INTO `users` (`id`, `first_name`, `last_name`, `email`, `phone`, `created_at`, `updated_at`) VALUES (7, 'Deven', 'Weber', 'wilton08@example.net', '(190)039-8601x39358', '2014-02-11 02:24:04', '2017-07-24 03:54:31');
INSERT INTO `users` (`id`, `first_name`, `last_name`, `email`, `phone`, `created_at`, `updated_at`) VALUES (8, 'Giovanni', 'White', 'aufderhar.jonatan@example.org', '927.525.1278', '2013-04-24 15:54:30', '2015-04-30 02:40:05');
INSERT INTO `users` (`id`, `first_name`, `last_name`, `email`, `phone`, `created_at`, `updated_at`) VALUES (9, 'Lyla', 'Schinner', 'marisa18@example.net', '041.147.0325x95863', '2013-10-05 17:53:04', '2016-09-03 16:56:53');
INSERT INTO `users` (`id`, `first_name`, `last_name`, `email`, `phone`, `created_at`, `updated_at`) VALUES (10, 'Clement', 'Connelly', 'raynor.casimir@example.com', '160.361.8959', '2012-12-06 02:11:24', '2019-08-15 03:29:59');
INSERT INTO `users` (`id`, `first_name`, `last_name`, `email`, `phone`, `created_at`, `updated_at`) VALUES (11, 'Sabrina', 'Kuhic', 'jmoore@example.net', '(227)573-6258x864', '2011-05-29 10:32:39', '2018-02-11 06:03:47');
INSERT INTO `users` (`id`, `first_name`, `last_name`, `email`, `phone`, `created_at`, `updated_at`) VALUES (12, 'Shanelle', 'Wolf', 'andrew.haley@example.org', '1-715-098-0012x8218', '2014-03-31 19:12:42', '2018-08-12 17:04:04');
INSERT INTO `users` (`id`, `first_name`, `last_name`, `email`, `phone`, `created_at`, `updated_at`) VALUES (13, 'Kendall', 'Stoltenberg', 'drake63@example.com', '706-702-2242', '2014-07-01 05:35:18', '2018-06-05 07:16:38');
INSERT INTO `users` (`id`, `first_name`, `last_name`, `email`, `phone`, `created_at`, `updated_at`) VALUES (14, 'Chadd', 'Cole', 'ngrimes@example.org', '(508)021-9729x671', '2012-07-08 08:57:33', '2016-10-04 02:17:52');
INSERT INTO `users` (`id`, `first_name`, `last_name`, `email`, `phone`, `created_at`, `updated_at`) VALUES (15, 'Vicente', 'Kuhic', 'elaina62@example.org', '474.912.0309x21623', '2012-09-28 18:27:39', '2016-07-20 19:04:11');
INSERT INTO `users` (`id`, `first_name`, `last_name`, `email`, `phone`, `created_at`, `updated_at`) VALUES (16, 'Adolfo', 'Beier', 'marlon76@example.com', '050.849.9506', '2012-07-11 08:35:17', '2018-01-21 18:53:21');
INSERT INTO `users` (`id`, `first_name`, `last_name`, `email`, `phone`, `created_at`, `updated_at`) VALUES (17, 'Jeffery', 'Keebler', 'chasity85@example.com', '1-642-660-5816', '2012-10-21 14:29:15', '2016-07-07 23:50:51');
INSERT INTO `users` (`id`, `first_name`, `last_name`, `email`, `phone`, `created_at`, `updated_at`) VALUES (18, 'Donnie', 'Pollich', 'adolph67@example.org', '03889887305', '2012-08-18 10:48:11', '2017-10-13 12:20:39');
INSERT INTO `users` (`id`, `first_name`, `last_name`, `email`, `phone`, `created_at`, `updated_at`) VALUES (19, 'Isaias', 'Moore', 'stroman.elena@example.org', '055-020-2373x905', '2014-05-17 22:36:29', '2019-03-24 15:11:51');
INSERT INTO `users` (`id`, `first_name`, `last_name`, `email`, `phone`, `created_at`, `updated_at`) VALUES (20, 'Raphael', 'Spinka', 'alisa.wiza@example.com', '(673)016-5678x94152', '2014-02-06 23:30:55', '2017-05-26 11:58:10');
INSERT INTO `users` (`id`, `first_name`, `last_name`, `email`, `phone`, `created_at`, `updated_at`) VALUES (21, 'Shyann', 'Stracke', 'rafael.hintz@example.com', '845.091.6444', '2011-02-09 17:34:16', '2016-02-24 08:29:05');
INSERT INTO `users` (`id`, `first_name`, `last_name`, `email`, `phone`, `created_at`, `updated_at`) VALUES (22, 'Rudolph', 'Crist', 'rahul21@example.net', '590-095-4969x4545', '2014-10-03 08:07:32', '2015-08-13 16:48:30');
INSERT INTO `users` (`id`, `first_name`, `last_name`, `email`, `phone`, `created_at`, `updated_at`) VALUES (23, 'Russell', 'Krajcik', 'brakus.colton@example.org', '(606)834-3317x3808', '2013-01-16 16:27:31', '2019-07-02 17:52:23');
INSERT INTO `users` (`id`, `first_name`, `last_name`, `email`, `phone`, `created_at`, `updated_at`) VALUES (24, 'Lydia', 'Hilll', 'terrill07@example.org', '1-598-967-2559x1453', '2013-08-04 00:56:13', '2018-09-15 21:54:51');
INSERT INTO `users` (`id`, `first_name`, `last_name`, `email`, `phone`, `created_at`, `updated_at`) VALUES (25, 'Warren', 'Fadel', 'toni73@example.com', '571.360.2068x97770', '2011-01-04 10:04:30', '2017-04-09 11:37:31');
INSERT INTO `users` (`id`, `first_name`, `last_name`, `email`, `phone`, `created_at`, `updated_at`) VALUES (26, 'Lincoln', 'Mitchell', 'skirlin@example.org', '1-671-188-9055x98974', '2015-01-02 12:56:53', '2018-08-05 18:34:13');
INSERT INTO `users` (`id`, `first_name`, `last_name`, `email`, `phone`, `created_at`, `updated_at`) VALUES (27, 'America', 'Casper', 'douglas.ricardo@example.net', '250-735-9398', '2010-09-11 22:57:24', '2018-03-25 08:37:53');
INSERT INTO `users` (`id`, `first_name`, `last_name`, `email`, `phone`, `created_at`, `updated_at`) VALUES (28, 'Doyle', 'Schaefer', 'colin.larkin@example.net', '(705)485-4459', '2013-06-20 00:27:35', '2016-10-30 05:27:45');
INSERT INTO `users` (`id`, `first_name`, `last_name`, `email`, `phone`, `created_at`, `updated_at`) VALUES (29, 'Katlyn', 'Leuschke', 'beth68@example.net', '(587)630-2523', '2010-10-31 01:55:35', '2016-06-23 12:15:06');
INSERT INTO `users` (`id`, `first_name`, `last_name`, `email`, `phone`, `created_at`, `updated_at`) VALUES (30, 'Krystel', 'McCullough', 'kilback.gregg@example.org', '+23(0)1524199087', '2014-05-12 05:12:31', '2020-02-18 05:21:27');
INSERT INTO `users` (`id`, `first_name`, `last_name`, `email`, `phone`, `created_at`, `updated_at`) VALUES (31, 'Ruby', 'Labadie', 'rodriguez.rory@example.org', '437-120-4225', '2013-09-05 21:51:30', '2015-12-31 02:05:16');
INSERT INTO `users` (`id`, `first_name`, `last_name`, `email`, `phone`, `created_at`, `updated_at`) VALUES (32, 'Darrell', 'Bernier', 'fleta.dach@example.com', '546.488.4144', '2010-06-21 07:23:01', '2015-08-10 06:54:21');
INSERT INTO `users` (`id`, `first_name`, `last_name`, `email`, `phone`, `created_at`, `updated_at`) VALUES (33, 'Keara', 'Grady', 'dare.ezra@example.org', '1-258-686-4909', '2014-10-27 06:01:16', '2019-10-26 14:07:31');
INSERT INTO `users` (`id`, `first_name`, `last_name`, `email`, `phone`, `created_at`, `updated_at`) VALUES (34, 'Brittany', 'Wolf', 'edna89@example.net', '(336)891-0679x45556', '2015-04-11 20:28:47', '2016-05-01 14:57:36');
INSERT INTO `users` (`id`, `first_name`, `last_name`, `email`, `phone`, `created_at`, `updated_at`) VALUES (35, 'Beverly', 'Strosin', 'edna.kilback@example.org', '+38(9)3605226062', '2014-08-09 03:42:39', '2016-02-15 06:43:40');
INSERT INTO `users` (`id`, `first_name`, `last_name`, `email`, `phone`, `created_at`, `updated_at`) VALUES (36, 'Chaya', 'Beer', 'beth83@example.org', '(462)231-5068', '2013-04-05 02:56:34', '2016-06-02 13:36:49');
INSERT INTO `users` (`id`, `first_name`, `last_name`, `email`, `phone`, `created_at`, `updated_at`) VALUES (37, 'Gayle', 'Luettgen', 'jayda37@example.org', '1-491-114-5864x2197', '2014-02-13 17:58:33', '2016-11-13 22:09:06');
INSERT INTO `users` (`id`, `first_name`, `last_name`, `email`, `phone`, `created_at`, `updated_at`) VALUES (38, 'Elian', 'Harris', 'scottie99@example.com', '108-769-8025x465', '2013-05-10 14:45:11', '2017-12-26 05:04:08');
INSERT INTO `users` (`id`, `first_name`, `last_name`, `email`, `phone`, `created_at`, `updated_at`) VALUES (39, 'Leilani', 'Conn', 'joy28@example.org', '1-922-387-3560x6815', '2012-01-30 10:20:32', '2019-11-28 14:16:37');
INSERT INTO `users` (`id`, `first_name`, `last_name`, `email`, `phone`, `created_at`, `updated_at`) VALUES (40, 'Augusta', 'Lemke', 'flangworth@example.com', '(729)440-5610x35412', '2013-11-09 19:22:00', '2019-06-26 12:32:28');
INSERT INTO `users` (`id`, `first_name`, `last_name`, `email`, `phone`, `created_at`, `updated_at`) VALUES (41, 'Verner', 'Klocko', 'jovan45@example.org', '1-694-556-1214', '2012-08-21 21:00:37', '2017-03-31 00:50:13');
INSERT INTO `users` (`id`, `first_name`, `last_name`, `email`, `phone`, `created_at`, `updated_at`) VALUES (42, 'Emmalee', 'Abernathy', 'schuster.abdul@example.com', '1-315-468-4691x743', '2014-06-25 10:20:47', '2017-11-13 19:38:08');
INSERT INTO `users` (`id`, `first_name`, `last_name`, `email`, `phone`, `created_at`, `updated_at`) VALUES (43, 'Lelia', 'Schinner', 'katelyn22@example.org', '1-611-587-4824x1565', '2013-07-06 15:56:05', '2016-10-07 13:40:02');
INSERT INTO `users` (`id`, `first_name`, `last_name`, `email`, `phone`, `created_at`, `updated_at`) VALUES (44, 'Ora', 'Herzog', 'sydni31@example.com', '1-589-686-7846', '2010-10-03 11:34:14', '2017-01-16 20:39:49');
INSERT INTO `users` (`id`, `first_name`, `last_name`, `email`, `phone`, `created_at`, `updated_at`) VALUES (45, 'Hannah', 'Daugherty', 'bkohler@example.org', '(557)918-5370x20981', '2014-05-05 15:39:12', '2017-04-01 03:29:43');
INSERT INTO `users` (`id`, `first_name`, `last_name`, `email`, `phone`, `created_at`, `updated_at`) VALUES (46, 'Zoe', 'Raynor', 'mboehm@example.net', '1-860-180-1483x2905', '2011-10-12 08:51:54', '2020-01-16 01:01:35');
INSERT INTO `users` (`id`, `first_name`, `last_name`, `email`, `phone`, `created_at`, `updated_at`) VALUES (47, 'Zelma', 'Koss', 'clare.aufderhar@example.com', '00089037308', '2011-08-26 15:12:27', '2015-07-29 07:03:25');
INSERT INTO `users` (`id`, `first_name`, `last_name`, `email`, `phone`, `created_at`, `updated_at`) VALUES (48, 'Fiona', 'Rippin', 'reichel.bertrand@example.org', '(371)458-3642x9975', '2013-11-29 06:21:48', '2019-09-24 20:35:09');
INSERT INTO `users` (`id`, `first_name`, `last_name`, `email`, `phone`, `created_at`, `updated_at`) VALUES (49, 'Jess', 'Kreiger', 'abdiel63@example.net', '(113)911-9505x3320', '2013-12-27 08:29:48', '2017-03-19 16:11:07');
INSERT INTO `users` (`id`, `first_name`, `last_name`, `email`, `phone`, `created_at`, `updated_at`) VALUES (50, 'Bettie', 'Bergstrom', 'isadore.connelly@example.net', '870.348.8608', '2011-03-06 02:08:04', '2019-07-02 00:11:03');
INSERT INTO `users` (`id`, `first_name`, `last_name`, `email`, `phone`, `created_at`, `updated_at`) VALUES (51, 'Meta', 'Collier', 'assunta.stanton@example.org', '1-867-397-5492x169', '2010-08-23 19:25:02', '2020-01-05 17:10:25');
INSERT INTO `users` (`id`, `first_name`, `last_name`, `email`, `phone`, `created_at`, `updated_at`) VALUES (52, 'Roger', 'Ondricka', 'demarcus.armstrong@example.com', '987-635-2526x36045', '2010-10-28 05:20:52', '2016-05-31 02:18:42');
INSERT INTO `users` (`id`, `first_name`, `last_name`, `email`, `phone`, `created_at`, `updated_at`) VALUES (53, 'Neal', 'Nader', 'polly31@example.net', '+51(9)1068457266', '2010-09-11 22:22:13', '2019-10-21 05:41:11');
INSERT INTO `users` (`id`, `first_name`, `last_name`, `email`, `phone`, `created_at`, `updated_at`) VALUES (54, 'Bell', 'Beer', 'werner03@example.com', '1-118-032-5018x397', '2011-09-10 20:39:34', '2016-05-14 01:29:56');
INSERT INTO `users` (`id`, `first_name`, `last_name`, `email`, `phone`, `created_at`, `updated_at`) VALUES (55, 'Andreane', 'Pollich', 'august87@example.com', '039-864-0157', '2013-06-04 06:02:40', '2016-03-01 03:24:42');
INSERT INTO `users` (`id`, `first_name`, `last_name`, `email`, `phone`, `created_at`, `updated_at`) VALUES (56, 'Trevor', 'Mertz', 'okuneva.sallie@example.net', '776-594-0489x8227', '2015-02-24 07:56:06', '2015-05-15 13:03:37');
INSERT INTO `users` (`id`, `first_name`, `last_name`, `email`, `phone`, `created_at`, `updated_at`) VALUES (57, 'Rubie', 'Sanford', 'ijacobs@example.org', '555-029-8030x9773', '2012-02-13 06:02:20', '2017-01-18 12:54:03');
INSERT INTO `users` (`id`, `first_name`, `last_name`, `email`, `phone`, `created_at`, `updated_at`) VALUES (58, 'Gordon', 'Ullrich', 'rbrown@example.org', '958.593.5565', '2012-08-03 10:28:01', '2020-02-22 00:23:08');
INSERT INTO `users` (`id`, `first_name`, `last_name`, `email`, `phone`, `created_at`, `updated_at`) VALUES (59, 'Ardella', 'Graham', 'madisyn80@example.com', '525-095-3229x465', '2012-05-19 17:31:17', '2018-06-18 08:34:54');
INSERT INTO `users` (`id`, `first_name`, `last_name`, `email`, `phone`, `created_at`, `updated_at`) VALUES (60, 'Lura', 'Kutch', 'lenore.blick@example.net', '1-467-373-9882x0704', '2013-12-31 02:14:11', '2019-06-07 05:34:01');
INSERT INTO `users` (`id`, `first_name`, `last_name`, `email`, `phone`, `created_at`, `updated_at`) VALUES (61, 'Shyanne', 'Barrows', 'bwest@example.com', '1-349-240-7316x99809', '2014-03-05 22:19:49', '2018-10-18 12:14:26');
INSERT INTO `users` (`id`, `first_name`, `last_name`, `email`, `phone`, `created_at`, `updated_at`) VALUES (62, 'Beulah', 'Gislason', 'crystal57@example.org', '(781)160-2396x0279', '2014-04-21 05:15:43', '2018-10-15 10:33:45');
INSERT INTO `users` (`id`, `first_name`, `last_name`, `email`, `phone`, `created_at`, `updated_at`) VALUES (63, 'Collin', 'Kuhic', 'qmckenzie@example.org', '549-656-8202x617', '2014-12-30 04:14:40', '2020-02-25 00:43:27');
INSERT INTO `users` (`id`, `first_name`, `last_name`, `email`, `phone`, `created_at`, `updated_at`) VALUES (64, 'Aidan', 'Bode', 'feeney.donavon@example.com', '628.709.5323', '2010-06-16 00:41:40', '2016-11-24 04:19:23');
INSERT INTO `users` (`id`, `first_name`, `last_name`, `email`, `phone`, `created_at`, `updated_at`) VALUES (65, 'Ebba', 'Bernier', 'madonna91@example.com', '689.101.5618', '2013-07-04 07:14:52', '2018-02-21 01:56:44');
INSERT INTO `users` (`id`, `first_name`, `last_name`, `email`, `phone`, `created_at`, `updated_at`) VALUES (66, 'Gilbert', 'Lowe', 'bcartwright@example.net', '(009)990-2560', '2014-07-13 04:38:14', '2015-11-02 15:50:12');
INSERT INTO `users` (`id`, `first_name`, `last_name`, `email`, `phone`, `created_at`, `updated_at`) VALUES (67, 'Angel', 'Friesen', 'predovic.ella@example.com', '(051)633-6322x676', '2012-04-22 00:45:50', '2015-12-22 10:51:28');
INSERT INTO `users` (`id`, `first_name`, `last_name`, `email`, `phone`, `created_at`, `updated_at`) VALUES (68, 'Dawson', 'Crist', 'veda.mills@example.org', '786.469.3699', '2013-06-27 19:37:38', '2017-06-26 18:31:23');
INSERT INTO `users` (`id`, `first_name`, `last_name`, `email`, `phone`, `created_at`, `updated_at`) VALUES (69, 'Cora', 'Stehr', 'lrath@example.com', '696.073.9017x0893', '2011-07-02 22:47:57', '2016-08-09 16:06:51');
INSERT INTO `users` (`id`, `first_name`, `last_name`, `email`, `phone`, `created_at`, `updated_at`) VALUES (70, 'Annetta', 'Hintz', 'brant35@example.net', '1-880-715-6070x2625', '2013-06-30 20:31:28', '2020-03-20 04:05:37');
INSERT INTO `users` (`id`, `first_name`, `last_name`, `email`, `phone`, `created_at`, `updated_at`) VALUES (71, 'Nettie', 'Koss', 'hellen98@example.com', '075-265-8543x9723', '2011-11-14 07:15:30', '2018-05-28 05:48:40');
INSERT INTO `users` (`id`, `first_name`, `last_name`, `email`, `phone`, `created_at`, `updated_at`) VALUES (72, 'Aurelia', 'Kautzer', 'nbergstrom@example.com', '341.879.4993', '2011-10-21 22:37:17', '2019-01-19 04:55:37');
INSERT INTO `users` (`id`, `first_name`, `last_name`, `email`, `phone`, `created_at`, `updated_at`) VALUES (73, 'Jordi', 'Hahn', 'ghills@example.org', '1-489-379-6679x5928', '2012-11-19 00:56:45', '2018-07-23 21:34:30');
INSERT INTO `users` (`id`, `first_name`, `last_name`, `email`, `phone`, `created_at`, `updated_at`) VALUES (74, 'Jannie', 'Block', 'mossie16@example.org', '550.702.3349x2699', '2010-04-24 20:34:19', '2017-12-21 08:54:33');
INSERT INTO `users` (`id`, `first_name`, `last_name`, `email`, `phone`, `created_at`, `updated_at`) VALUES (75, 'Cornelius', 'Shanahan', 'jalyn.schamberger@example.com', '1-361-178-7260', '2010-08-12 06:02:58', '2017-11-29 04:30:23');
INSERT INTO `users` (`id`, `first_name`, `last_name`, `email`, `phone`, `created_at`, `updated_at`) VALUES (76, 'Jessika', 'Cummings', 'fhand@example.net', '(778)443-0898x868', '2013-01-06 04:54:21', '2016-11-02 02:41:30');
INSERT INTO `users` (`id`, `first_name`, `last_name`, `email`, `phone`, `created_at`, `updated_at`) VALUES (77, 'Macie', 'Pollich', 'marcelle47@example.com', '(485)799-3122x591', '2014-02-09 17:40:33', '2018-04-10 10:04:09');
INSERT INTO `users` (`id`, `first_name`, `last_name`, `email`, `phone`, `created_at`, `updated_at`) VALUES (78, 'Caden', 'Simonis', 'novella.sawayn@example.net', '536-739-6700', '2014-02-05 04:29:58', '2017-05-14 04:47:59');
INSERT INTO `users` (`id`, `first_name`, `last_name`, `email`, `phone`, `created_at`, `updated_at`) VALUES (79, 'Jamil', 'Goodwin', 'arne.orn@example.com', '1-702-880-7935x73261', '2011-11-08 08:51:38', '2018-10-01 19:32:58');
INSERT INTO `users` (`id`, `first_name`, `last_name`, `email`, `phone`, `created_at`, `updated_at`) VALUES (80, 'Victor', 'Huel', 'khalil.funk@example.net', '(160)863-7536x1578', '2013-08-13 14:33:13', '2017-03-16 14:35:32');
INSERT INTO `users` (`id`, `first_name`, `last_name`, `email`, `phone`, `created_at`, `updated_at`) VALUES (81, 'Katelyn', 'Price', 'jamil.walter@example.com', '(644)721-3383', '2014-11-02 22:47:36', '2019-05-13 06:17:38');
INSERT INTO `users` (`id`, `first_name`, `last_name`, `email`, `phone`, `created_at`, `updated_at`) VALUES (82, 'Lesley', 'Boyle', 'iblanda@example.org', '(289)419-2541x1184', '2011-01-24 17:23:09', '2017-08-20 18:22:44');
INSERT INTO `users` (`id`, `first_name`, `last_name`, `email`, `phone`, `created_at`, `updated_at`) VALUES (83, 'Guiseppe', 'Wolf', 'mclaughlin.vilma@example.net', '724-078-9548', '2012-09-06 06:12:51', '2018-11-18 02:50:30');
INSERT INTO `users` (`id`, `first_name`, `last_name`, `email`, `phone`, `created_at`, `updated_at`) VALUES (84, 'Benny', 'Russel', 'wraynor@example.com', '1-927-068-4983', '2013-01-09 21:39:08', '2018-01-21 01:08:00');
INSERT INTO `users` (`id`, `first_name`, `last_name`, `email`, `phone`, `created_at`, `updated_at`) VALUES (85, 'Zechariah', 'Collier', 'ytorphy@example.com', '(193)908-8289', '2014-07-05 19:00:24', '2017-11-12 21:32:49');
INSERT INTO `users` (`id`, `first_name`, `last_name`, `email`, `phone`, `created_at`, `updated_at`) VALUES (86, 'Marcelle', 'Zemlak', 'tschiller@example.net', '(041)814-7372x42643', '2011-05-23 22:45:28', '2017-02-28 22:54:38');
INSERT INTO `users` (`id`, `first_name`, `last_name`, `email`, `phone`, `created_at`, `updated_at`) VALUES (87, 'Jaylon', 'Feest', 'barton.bergstrom@example.org', '540-664-1198x6158', '2010-10-18 10:51:03', '2015-10-22 14:28:30');
INSERT INTO `users` (`id`, `first_name`, `last_name`, `email`, `phone`, `created_at`, `updated_at`) VALUES (88, 'Allie', 'Zboncak', 'mueller.hassan@example.net', '687.354.1269x73520', '2011-11-16 15:25:40', '2016-06-29 22:33:57');
INSERT INTO `users` (`id`, `first_name`, `last_name`, `email`, `phone`, `created_at`, `updated_at`) VALUES (89, 'Coby', 'Hand', 'berenice.d\'amore@example.org', '1-400-131-1237x50058', '2012-06-27 11:01:56', '2017-11-30 01:52:23');
INSERT INTO `users` (`id`, `first_name`, `last_name`, `email`, `phone`, `created_at`, `updated_at`) VALUES (90, 'Judah', 'Waelchi', 'oweimann@example.com', '+99(1)5803614730', '2010-11-07 17:37:07', '2015-04-25 20:32:58');
INSERT INTO `users` (`id`, `first_name`, `last_name`, `email`, `phone`, `created_at`, `updated_at`) VALUES (91, 'Rita', 'Renner', 'pconsidine@example.com', '(921)948-7627', '2014-04-10 06:28:23', '2019-10-20 16:08:34');
INSERT INTO `users` (`id`, `first_name`, `last_name`, `email`, `phone`, `created_at`, `updated_at`) VALUES (92, 'Lavon', 'Walsh', 'borer.lurline@example.net', '1-723-454-1720', '2013-12-03 03:09:50', '2017-05-21 21:26:46');
INSERT INTO `users` (`id`, `first_name`, `last_name`, `email`, `phone`, `created_at`, `updated_at`) VALUES (93, 'Antonietta', 'Osinski', 'tgerhold@example.net', '(581)758-5225', '2013-08-12 14:59:11', '2017-10-22 09:40:43');
INSERT INTO `users` (`id`, `first_name`, `last_name`, `email`, `phone`, `created_at`, `updated_at`) VALUES (94, 'Colleen', 'Halvorson', 'kenyon.ruecker@example.net', '1-466-150-2081', '2013-01-31 14:54:14', '2016-12-20 12:29:07');
INSERT INTO `users` (`id`, `first_name`, `last_name`, `email`, `phone`, `created_at`, `updated_at`) VALUES (95, 'Lonzo', 'Fisher', 'fidel86@example.org', '1-086-605-8858x90016', '2010-12-16 07:32:07', '2017-08-04 11:43:01');
INSERT INTO `users` (`id`, `first_name`, `last_name`, `email`, `phone`, `created_at`, `updated_at`) VALUES (96, 'Sierra', 'McDermott', 'sydney23@example.com', '169-812-0169', '2011-08-11 07:48:22', '2015-08-12 23:38:50');
INSERT INTO `users` (`id`, `first_name`, `last_name`, `email`, `phone`, `created_at`, `updated_at`) VALUES (97, 'Breanne', 'Gorczany', 'dexter98@example.com', '01596797833', '2011-04-02 19:34:14', '2019-08-15 03:56:04');
INSERT INTO `users` (`id`, `first_name`, `last_name`, `email`, `phone`, `created_at`, `updated_at`) VALUES (98, 'Domenick', 'Mann', 'balistreri.isadore@example.com', '(050)111-3252', '2015-02-04 04:07:52', '2019-06-22 20:37:27');
INSERT INTO `users` (`id`, `first_name`, `last_name`, `email`, `phone`, `created_at`, `updated_at`) VALUES (99, 'Jairo', 'Upton', 'vzemlak@example.net', '(616)451-2802x0176', '2014-08-24 13:21:34', '2016-05-31 01:18:44');
INSERT INTO `users` (`id`, `first_name`, `last_name`, `email`, `phone`, `created_at`, `updated_at`) VALUES (100, 'Ressie', 'Lebsack', 'ullrich.melvina@example.com', '06001550745', '2014-10-02 18:59:34', '2016-04-17 14:28:13');


