-- MySQL dump 10.13  Distrib 8.0.19, for Linux (x86_64)
--
-- Host: localhost    Database: vk
-- ------------------------------------------------------
-- Server version	8.0.19

/*!40101 SET @OLD_CHARACTER_SET_CLIENT=@@CHARACTER_SET_CLIENT */;
/*!40101 SET @OLD_CHARACTER_SET_RESULTS=@@CHARACTER_SET_RESULTS */;
/*!40101 SET @OLD_COLLATION_CONNECTION=@@COLLATION_CONNECTION */;
/*!50503 SET NAMES utf8mb4 */;
/*!40103 SET @OLD_TIME_ZONE=@@TIME_ZONE */;
/*!40103 SET TIME_ZONE='+00:00' */;
/*!40014 SET @OLD_UNIQUE_CHECKS=@@UNIQUE_CHECKS, UNIQUE_CHECKS=0 */;
/*!40014 SET @OLD_FOREIGN_KEY_CHECKS=@@FOREIGN_KEY_CHECKS, FOREIGN_KEY_CHECKS=0 */;
/*!40101 SET @OLD_SQL_MODE=@@SQL_MODE, SQL_MODE='NO_AUTO_VALUE_ON_ZERO' */;
/*!40111 SET @OLD_SQL_NOTES=@@SQL_NOTES, SQL_NOTES=0 */;

--
-- Table structure for table `communities`
--

DROP TABLE IF EXISTS `communities`;
/*!40101 SET @saved_cs_client     = @@character_set_client */;
/*!50503 SET character_set_client = utf8mb4 */;
CREATE TABLE `communities` (
  `id` int unsigned NOT NULL AUTO_INCREMENT,
  `name` varchar(150) CHARACTER SET utf8 COLLATE utf8_unicode_ci NOT NULL,
  PRIMARY KEY (`id`),
  UNIQUE KEY `name` (`name`)
) ENGINE=InnoDB AUTO_INCREMENT=101 DEFAULT CHARSET=utf8 COLLATE=utf8_unicode_ci;
/*!40101 SET character_set_client = @saved_cs_client */;

--
-- Dumping data for table `communities`
--

LOCK TABLES `communities` WRITE;
/*!40000 ALTER TABLE `communities` DISABLE KEYS */;
INSERT INTO `communities` VALUES (18,'At consequatur ratione minus voluptas impedit facere explicabo.'),(5,'Atque aperiam sequi vel pariatur quo.'),(11,'Aut at exercitationem soluta ut officiis ex accusantium.'),(6,'Aut dolor aut ut amet sunt quisquam.'),(14,'Aut quo quo tempore in aliquam sint consequatur molestiae.'),(13,'Culpa qui qui qui harum.'),(7,'Deserunt aperiam cupiditate vero perferendis molestiae.'),(10,'Doloribus tenetur tenetur illum exercitationem non.'),(4,'Et exercitationem aut illo eligendi rerum alias amet.'),(20,'Et sed nostrum totam aut sint.'),(17,'Ex earum similique quas libero ut.'),(1,'Fuga veritatis voluptates quae et.'),(12,'Magni ut et eius culpa distinctio debitis.'),(2,'Perspiciatis perferendis veniam et dolorem est temporibus.'),(15,'Rerum est laboriosam sit accusantium.'),(8,'Sapiente itaque et excepturi sit voluptatem.'),(16,'Sunt voluptatibus incidunt a earum aut officiis.'),(19,'Ut est consequatur sequi voluptates.'),(9,'Ut nemo velit iure.'),(3,'Veritatis ut voluptates accusamus assumenda natus voluptas et.');
/*!40000 ALTER TABLE `communities` ENABLE KEYS */;
UNLOCK TABLES;

--
-- Table structure for table `communities_users`
--

DROP TABLE IF EXISTS `communities_users`;
/*!40101 SET @saved_cs_client     = @@character_set_client */;
/*!50503 SET character_set_client = utf8mb4 */;
CREATE TABLE `communities_users` (
  `community_id` int unsigned NOT NULL,
  `user_id` int unsigned NOT NULL,
  PRIMARY KEY (`community_id`,`user_id`),
  CONSTRAINT `communities_users_community_id_fk` FOREIGN KEY (`community_id`) REFERENCES `communities` (`id`),
  CONSTRAINT `communities_users_user_id_fk` FOREIGN KEY (`community_id`) REFERENCES `users` (`id`)
) ENGINE=InnoDB DEFAULT CHARSET=utf8 COLLATE=utf8_unicode_ci;
/*!40101 SET character_set_client = @saved_cs_client */;

--
-- Dumping data for table `communities_users`
--

LOCK TABLES `communities_users` WRITE;
/*!40000 ALTER TABLE `communities_users` DISABLE KEYS */;
INSERT INTO `communities_users` VALUES (1,20),(1,65),(1,82),(1,95),(2,16),(2,36),(2,75),(2,76),(2,84),(3,32),(3,44),(3,64),(3,89),(3,98),(4,27),(4,67),(4,70),(4,71),(4,80),(4,81),(4,92),(5,4),(5,9),(5,30),(5,35),(5,51),(5,65),(5,69),(5,83),(5,89),(5,97),(6,66),(6,86),(6,96),(7,23),(7,45),(7,72),(7,73),(7,97),(8,5),(8,6),(8,22),(8,23),(8,57),(8,86),(8,94),(9,31),(9,41),(9,57),(9,78),(9,100),(10,4),(10,13),(10,20),(10,42),(10,48),(10,85),(11,7),(11,15),(11,21),(11,37),(11,48),(11,63),(11,72),(11,80),(11,82),(11,98),(12,36),(12,60),(12,67),(12,85),(12,97),(13,79),(13,96),(13,100),(14,3),(14,46),(14,98),(15,40),(16,39),(16,63),(16,65),(16,81),(17,10),(17,22),(17,27),(17,34),(17,44),(18,5),(18,8),(18,24),(18,28),(18,30),(18,40),(19,31),(19,51),(20,5),(20,24),(20,40),(20,83);
/*!40000 ALTER TABLE `communities_users` ENABLE KEYS */;
UNLOCK TABLES;

--
-- Table structure for table `friendship`
--

DROP TABLE IF EXISTS `friendship`;
/*!40101 SET @saved_cs_client     = @@character_set_client */;
/*!50503 SET character_set_client = utf8mb4 */;
CREATE TABLE `friendship` (
  `user_id` int unsigned NOT NULL,
  `friend_id` int unsigned NOT NULL,
  `status_id` int unsigned NOT NULL,
  `requested_at` datetime DEFAULT CURRENT_TIMESTAMP,
  `confirmed_at` datetime DEFAULT NULL,
  PRIMARY KEY (`user_id`,`friend_id`),
  KEY `friendship_friend_id_fk` (`friend_id`),
  KEY `friendship_status_id_fk` (`status_id`),
  CONSTRAINT `friendship_friend_id_fk` FOREIGN KEY (`friend_id`) REFERENCES `users` (`id`),
  CONSTRAINT `friendship_status_id_fk` FOREIGN KEY (`status_id`) REFERENCES `friendship_statuses` (`id`),
  CONSTRAINT `friendship_user_id_fk` FOREIGN KEY (`user_id`) REFERENCES `users` (`id`)
) ENGINE=InnoDB DEFAULT CHARSET=utf8 COLLATE=utf8_unicode_ci;
/*!40101 SET character_set_client = @saved_cs_client */;

--
-- Dumping data for table `friendship`
--

LOCK TABLES `friendship` WRITE;
/*!40000 ALTER TABLE `friendship` DISABLE KEYS */;
INSERT INTO `friendship` VALUES (1,7,1,'2018-12-12 03:26:10','2019-05-07 03:26:10'),(2,75,1,'2020-03-27 19:12:51','2020-07-04 19:12:51'),(3,81,1,'2017-11-02 16:33:10','2018-03-13 21:50:36'),(6,73,1,'2019-06-07 10:33:20','2019-08-04 10:33:20'),(7,87,3,'2016-08-28 09:09:14','2018-03-03 19:18:20'),(10,56,3,'2018-03-07 15:30:42','2018-08-23 15:30:42'),(11,23,3,'2016-08-11 19:31:44','2016-12-23 19:31:44'),(12,41,3,'2019-01-10 05:24:46','2019-06-18 05:24:46'),(14,19,2,'2016-07-25 02:40:44','2016-08-28 02:40:44'),(14,23,2,'2017-12-24 13:32:54','2018-02-12 13:32:54'),(15,51,3,'2019-02-01 12:25:12','2019-07-02 12:25:12'),(16,14,3,'2017-10-01 09:43:07','2017-12-01 09:43:07'),(20,24,1,'2018-12-11 19:35:05','2019-01-14 19:35:05'),(20,74,2,'2016-06-01 09:43:40','2018-01-19 12:35:20'),(21,10,2,'2019-06-20 13:20:59','2019-12-02 13:20:59'),(21,65,2,'2016-07-27 02:57:19','2018-02-04 17:35:43'),(23,71,2,'2016-06-13 01:30:43','2016-06-16 01:30:43'),(23,91,1,'2016-01-22 18:44:35','2016-03-21 18:44:35'),(24,59,3,'2017-12-11 00:28:04','2018-03-27 00:28:04'),(25,37,1,'2015-05-31 04:27:08','2015-11-21 04:27:08'),(26,18,2,'2018-05-17 11:02:12','2018-05-26 11:02:12'),(28,43,2,'2019-11-22 06:58:15','2020-01-25 06:58:15'),(29,55,1,'2016-09-01 18:21:19','2016-12-23 18:21:19'),(30,7,2,'2016-01-29 00:56:47','2016-02-10 00:56:47'),(32,4,1,'2017-04-05 13:59:20','2017-06-26 13:59:20'),(32,42,1,'2018-08-06 00:44:54','2018-08-16 00:44:54'),(32,63,2,'2016-03-29 08:49:30','2016-09-12 08:49:30'),(33,59,1,'2016-11-08 15:27:35','2017-01-30 15:27:35'),(34,50,2,'2018-08-26 12:19:43','2018-11-26 12:19:43'),(35,2,3,'2020-04-02 04:52:16','2020-05-03 04:52:16'),(35,23,3,'2018-04-09 09:48:01','2018-06-07 09:48:01'),(35,88,2,'2017-04-10 13:49:46','2017-05-03 13:49:46'),(36,45,2,'2019-12-16 03:23:42','2020-04-11 03:23:42'),(36,65,1,'2017-09-05 21:36:22','2018-02-05 21:36:22'),(39,66,3,'2015-06-22 13:45:20','2015-08-16 13:45:20'),(40,37,2,'2018-11-03 18:48:29','2019-04-28 18:48:29'),(41,37,3,'2016-07-10 11:44:53','2016-12-31 11:44:53'),(41,56,3,'2017-02-08 19:58:17','2017-07-21 19:58:17'),(44,3,2,'2017-06-05 19:23:50','2017-09-23 19:23:50'),(44,91,3,'2019-09-09 18:41:07','2019-11-08 18:41:07'),(45,41,3,'2016-04-09 03:30:21','2016-09-08 03:30:21'),(46,25,2,'2018-03-16 23:58:11','2018-04-23 23:58:11'),(46,26,3,'2016-03-13 20:26:52','2016-06-15 20:26:52'),(46,42,2,'2016-02-20 00:51:54','2016-08-11 00:51:54'),(46,49,1,'2018-08-25 10:11:47','2018-10-09 10:11:47'),(46,68,2,'2018-09-22 12:22:48','2018-11-27 12:22:48'),(48,29,1,'2017-05-23 22:08:42','2017-06-07 22:08:42'),(48,34,3,'2019-02-21 21:40:27','2019-04-19 21:40:27'),(48,40,1,'2015-09-16 10:35:28','2015-11-12 10:35:28'),(48,42,2,'2016-10-18 17:11:23','2017-02-10 17:11:23'),(49,53,1,'2017-02-05 03:53:25','2017-03-21 03:53:25'),(50,1,3,'2017-03-30 12:40:10','2017-05-21 12:40:10'),(50,59,2,'2018-01-24 06:39:42','2018-06-02 06:39:42'),(52,28,2,'2018-06-06 05:03:36','2018-10-12 05:03:36'),(52,46,2,'2016-10-27 00:12:55','2020-02-13 14:08:51'),(53,1,2,'2015-05-07 04:48:09','2015-07-21 04:48:09'),(53,29,2,'2017-01-24 00:29:31','2017-06-14 21:26:23'),(56,96,3,'2019-09-02 11:41:34','2020-02-17 11:41:34'),(57,1,1,'2019-10-22 18:40:36','2020-01-03 18:40:36'),(57,81,1,'2019-12-02 11:46:14','2020-01-14 11:46:14'),(61,20,3,'2017-12-13 19:17:55','2018-06-05 19:17:55'),(61,93,3,'2019-08-16 06:43:35','2019-10-25 00:17:33'),(61,99,2,'2019-10-28 00:51:05','2019-11-17 00:51:05'),(63,55,1,'2018-01-24 04:25:56','2018-05-24 04:25:56'),(63,63,2,'2017-11-07 04:02:43','2018-05-03 04:02:43'),(66,42,1,'2016-05-29 22:04:39','2016-11-10 22:04:39'),(68,22,1,'2018-09-06 16:12:40','2018-12-30 16:12:40'),(69,38,2,'2016-05-01 04:18:53','2016-07-19 04:18:53'),(70,34,3,'2020-02-24 23:48:53','2020-04-13 23:48:53'),(71,8,3,'2018-06-07 23:17:48','2018-06-13 23:17:48'),(72,18,1,'2018-03-28 23:36:12','2018-06-01 23:36:12'),(72,20,1,'2019-10-04 18:05:02','2020-02-08 18:05:02'),(72,92,3,'2016-10-24 17:53:50','2017-09-19 16:59:11'),(73,6,1,'2018-04-04 13:43:31','2018-06-20 13:43:31'),(73,89,1,'2019-08-18 18:17:00','2019-08-23 18:17:00'),(74,20,1,'2017-05-18 12:25:28','2017-10-16 12:25:28'),(75,87,3,'2015-05-16 22:47:19','2015-06-08 22:47:19'),(76,34,2,'2019-12-04 13:47:46','2019-12-23 13:47:46'),(76,42,3,'2015-08-30 13:53:41','2015-09-26 13:53:41'),(77,60,1,'2018-01-24 12:44:59','2018-04-13 12:44:59'),(79,87,3,'2016-02-12 19:00:31','2016-06-24 19:00:31'),(79,93,3,'2019-08-29 11:46:33','2019-11-02 11:46:33'),(80,40,1,'2018-08-31 20:27:37','2018-12-15 20:27:37'),(81,4,3,'2020-02-09 08:10:56','2020-07-13 08:10:56'),(81,53,2,'2020-01-08 20:53:03','2020-04-12 20:53:03'),(81,75,2,'2020-01-11 18:52:15','2020-01-21 18:52:15'),(82,23,1,'2016-08-30 04:11:51','2017-01-02 04:11:51'),(84,67,1,'2017-01-12 11:53:34','2017-03-07 11:53:34'),(87,43,1,'2020-02-16 02:01:00','2020-05-01 02:01:00'),(90,72,1,'2017-10-25 07:27:37','2017-11-27 07:27:37'),(91,49,1,'2019-02-01 10:49:43','2019-06-02 10:49:43'),(91,98,3,'2017-07-12 20:41:03','2017-12-01 20:41:03'),(92,74,3,'2017-05-18 12:28:53','2017-11-04 12:28:53'),(92,81,1,'2019-12-22 14:41:23','2020-02-22 14:41:23'),(94,100,3,'2017-05-02 02:24:27','2017-10-08 02:24:27'),(97,20,1,'2020-02-24 21:04:25','2020-05-02 21:04:25'),(97,32,2,'2018-10-04 12:54:24','2018-11-16 12:54:24'),(98,38,2,'2019-03-01 05:08:09','2019-03-11 05:08:09'),(99,18,2,'2015-06-26 03:28:25','2015-10-06 03:28:25'),(100,6,2,'2019-12-01 09:43:20','2020-03-30 09:43:20');
/*!40000 ALTER TABLE `friendship` ENABLE KEYS */;
UNLOCK TABLES;

--
-- Table structure for table `friendship_statuses`
--

DROP TABLE IF EXISTS `friendship_statuses`;
/*!40101 SET @saved_cs_client     = @@character_set_client */;
/*!50503 SET character_set_client = utf8mb4 */;
CREATE TABLE `friendship_statuses` (
  `id` int unsigned NOT NULL AUTO_INCREMENT,
  `name` varchar(150) CHARACTER SET utf8 COLLATE utf8_unicode_ci NOT NULL,
  PRIMARY KEY (`id`),
  UNIQUE KEY `name` (`name`)
) ENGINE=InnoDB AUTO_INCREMENT=4 DEFAULT CHARSET=utf8 COLLATE=utf8_unicode_ci;
/*!40101 SET character_set_client = @saved_cs_client */;

--
-- Dumping data for table `friendship_statuses`
--

LOCK TABLES `friendship_statuses` WRITE;
/*!40000 ALTER TABLE `friendship_statuses` DISABLE KEYS */;
INSERT INTO `friendship_statuses` VALUES (2,'Confirmed'),(3,'Rejected'),(1,'Requested');
/*!40000 ALTER TABLE `friendship_statuses` ENABLE KEYS */;
UNLOCK TABLES;

--
-- Table structure for table `likes`
--

DROP TABLE IF EXISTS `likes`;
/*!40101 SET @saved_cs_client     = @@character_set_client */;
/*!50503 SET character_set_client = utf8mb4 */;
CREATE TABLE `likes` (
  `id` int unsigned NOT NULL AUTO_INCREMENT,
  `user_id` int unsigned NOT NULL,
  `target_id` int unsigned NOT NULL,
  `target_type_id` int unsigned NOT NULL,
  `created_at` datetime DEFAULT CURRENT_TIMESTAMP,
  PRIMARY KEY (`id`),
  KEY `likes_user_id_fk` (`user_id`),
  KEY `likes_target_id_fk` (`target_id`),
  KEY `likes_target_type_id_fk` (`target_type_id`),
  CONSTRAINT `likes_target_id_fk` FOREIGN KEY (`target_id`) REFERENCES `users` (`id`),
  CONSTRAINT `likes_target_type_id_fk` FOREIGN KEY (`target_type_id`) REFERENCES `target_types` (`id`),
  CONSTRAINT `likes_user_id_fk` FOREIGN KEY (`user_id`) REFERENCES `users` (`id`)
) ENGINE=InnoDB AUTO_INCREMENT=101 DEFAULT CHARSET=utf8mb4 COLLATE=utf8mb4_0900_ai_ci;
/*!40101 SET character_set_client = @saved_cs_client */;

--
-- Dumping data for table `likes`
--

LOCK TABLES `likes` WRITE;
/*!40000 ALTER TABLE `likes` DISABLE KEYS */;
INSERT INTO `likes` VALUES (1,63,7,2,'2020-05-04 15:59:24'),(2,99,61,1,'2020-05-04 15:59:24'),(3,66,97,4,'2020-05-04 15:59:24'),(4,51,87,4,'2020-05-04 15:59:24'),(5,47,91,1,'2020-05-04 15:59:24'),(6,92,20,1,'2020-05-04 15:59:24'),(7,59,21,2,'2020-05-04 15:59:24'),(8,89,51,4,'2020-05-04 15:59:24'),(9,90,85,3,'2020-05-04 15:59:24'),(10,16,17,2,'2020-05-04 15:59:24'),(11,36,65,1,'2020-05-04 15:59:24'),(12,83,70,4,'2020-05-04 15:59:24'),(13,89,46,3,'2020-05-04 15:59:24'),(14,72,71,2,'2020-05-04 15:59:24'),(15,86,10,4,'2020-05-04 15:59:24'),(16,30,73,3,'2020-05-04 15:59:24'),(17,45,5,4,'2020-05-04 15:59:24'),(18,35,5,1,'2020-05-04 15:59:24'),(19,72,8,1,'2020-05-04 15:59:24'),(20,94,98,1,'2020-05-04 15:59:24'),(21,35,58,4,'2020-05-04 15:59:24'),(22,54,11,4,'2020-05-04 15:59:24'),(23,28,64,2,'2020-05-04 15:59:24'),(24,74,68,1,'2020-05-04 15:59:24'),(25,97,21,1,'2020-05-04 15:59:24'),(26,9,1,4,'2020-05-04 15:59:24'),(27,81,74,2,'2020-05-04 15:59:24'),(28,10,70,1,'2020-05-04 15:59:24'),(29,92,99,1,'2020-05-04 15:59:24'),(30,83,69,4,'2020-05-04 15:59:24'),(31,55,97,1,'2020-05-04 15:59:24'),(32,17,20,2,'2020-05-04 15:59:24'),(33,79,52,1,'2020-05-04 15:59:24'),(34,57,17,1,'2020-05-04 15:59:24'),(35,14,30,1,'2020-05-04 15:59:24'),(36,51,30,4,'2020-05-04 15:59:24'),(37,86,44,3,'2020-05-04 15:59:24'),(38,72,76,3,'2020-05-04 15:59:24'),(39,88,50,4,'2020-05-04 15:59:24'),(40,84,56,2,'2020-05-04 15:59:24'),(41,77,99,3,'2020-05-04 15:59:24'),(42,18,100,2,'2020-05-04 15:59:24'),(43,20,68,4,'2020-05-04 15:59:24'),(44,2,63,1,'2020-05-04 15:59:24'),(45,53,40,2,'2020-05-04 15:59:24'),(46,88,12,4,'2020-05-04 15:59:24'),(47,42,22,4,'2020-05-04 15:59:24'),(48,46,84,4,'2020-05-04 15:59:24'),(49,58,41,2,'2020-05-04 15:59:24'),(50,25,36,1,'2020-05-04 15:59:24'),(51,24,98,1,'2020-05-04 15:59:24'),(52,4,60,4,'2020-05-04 15:59:24'),(53,50,90,1,'2020-05-04 15:59:24'),(54,35,69,2,'2020-05-04 15:59:24'),(55,2,84,1,'2020-05-04 15:59:24'),(56,9,10,1,'2020-05-04 15:59:24'),(57,69,84,1,'2020-05-04 15:59:24'),(58,24,72,4,'2020-05-04 15:59:24'),(59,19,33,1,'2020-05-04 15:59:24'),(60,44,94,2,'2020-05-04 15:59:24'),(61,95,71,3,'2020-05-04 15:59:24'),(62,21,3,3,'2020-05-04 15:59:24'),(63,62,44,2,'2020-05-04 15:59:24'),(64,41,2,4,'2020-05-04 15:59:24'),(65,15,24,3,'2020-05-04 15:59:24'),(66,94,48,3,'2020-05-04 15:59:24'),(67,44,46,4,'2020-05-04 15:59:24'),(68,53,68,4,'2020-05-04 15:59:24'),(69,1,61,1,'2020-05-04 15:59:24'),(70,30,42,1,'2020-05-04 15:59:24'),(71,66,74,3,'2020-05-04 15:59:24'),(72,30,40,1,'2020-05-04 15:59:24'),(73,23,88,3,'2020-05-04 15:59:24'),(74,81,98,2,'2020-05-04 15:59:24'),(75,47,89,1,'2020-05-04 15:59:24'),(76,45,17,3,'2020-05-04 15:59:24'),(77,2,57,4,'2020-05-04 15:59:24'),(78,18,55,1,'2020-05-04 15:59:24'),(79,38,29,2,'2020-05-04 15:59:24'),(80,69,49,2,'2020-05-04 15:59:24'),(81,38,79,4,'2020-05-04 15:59:24'),(82,66,86,2,'2020-05-04 15:59:24'),(83,100,4,1,'2020-05-04 15:59:24'),(84,87,73,1,'2020-05-04 15:59:24'),(85,10,29,1,'2020-05-04 15:59:24'),(86,99,43,1,'2020-05-04 15:59:24'),(87,56,28,3,'2020-05-04 15:59:24'),(88,77,69,1,'2020-05-04 15:59:24'),(89,60,61,1,'2020-05-04 15:59:24'),(90,21,43,3,'2020-05-04 15:59:24'),(91,34,12,3,'2020-05-04 15:59:24'),(92,44,51,1,'2020-05-04 15:59:24'),(93,52,96,1,'2020-05-04 15:59:24'),(94,32,87,2,'2020-05-04 15:59:24'),(95,32,43,1,'2020-05-04 15:59:24'),(96,66,72,3,'2020-05-04 15:59:24'),(97,96,90,3,'2020-05-04 15:59:24'),(98,40,15,3,'2020-05-04 15:59:24'),(99,26,68,3,'2020-05-04 15:59:24'),(100,95,96,4,'2020-05-04 15:59:24');
/*!40000 ALTER TABLE `likes` ENABLE KEYS */;
UNLOCK TABLES;

--
-- Table structure for table `media`
--

DROP TABLE IF EXISTS `media`;
/*!40101 SET @saved_cs_client     = @@character_set_client */;
/*!50503 SET character_set_client = utf8mb4 */;
CREATE TABLE `media` (
  `id` int unsigned NOT NULL AUTO_INCREMENT,
  `media_type_id` int unsigned NOT NULL,
  `user_id` int unsigned NOT NULL,
  `filename` varchar(255) CHARACTER SET utf8 COLLATE utf8_unicode_ci NOT NULL,
  `file_size` int NOT NULL,
  `metadata` json DEFAULT NULL,
  `created_at` datetime DEFAULT CURRENT_TIMESTAMP,
  `updated_at` datetime DEFAULT CURRENT_TIMESTAMP ON UPDATE CURRENT_TIMESTAMP,
  PRIMARY KEY (`id`),
  KEY `media_media_type_id_fk` (`media_type_id`),
  KEY `media_user_id_fk` (`user_id`),
  CONSTRAINT `media_media_type_id_fk` FOREIGN KEY (`media_type_id`) REFERENCES `media_types` (`id`),
  CONSTRAINT `media_user_id_fk` FOREIGN KEY (`user_id`) REFERENCES `users` (`id`)
) ENGINE=InnoDB AUTO_INCREMENT=101 DEFAULT CHARSET=utf8 COLLATE=utf8_unicode_ci;
/*!40101 SET character_set_client = @saved_cs_client */;

--
-- Dumping data for table `media`
--

LOCK TABLES `media` WRITE;
/*!40000 ALTER TABLE `media` DISABLE KEYS */;
INSERT INTO `media` VALUES (1,2,1,'https://dropbox/vk/aperiam.png',9345,'{\"owner\": \"Valerie Rolfson\"}','2011-10-26 14:46:36','2020-04-27 14:02:48'),(2,1,2,'https://dropbox/vk/voluptatem.mprg',666415,'{\"owner\": \"Madilyn Hessel\"}','2013-03-02 13:35:42','2020-04-27 14:02:48'),(3,2,3,'https://dropbox/vk/facere.png',83551589,'{\"owner\": \"Asa Kirlin\"}','2013-08-17 10:19:22','2020-04-27 14:02:48'),(4,3,4,'https://dropbox/vk/pariatur.png',4414,'{\"owner\": \"Reece Lindgren\"}','2014-04-10 15:31:06','2020-04-27 14:02:48'),(5,3,5,'https://dropbox/vk/dolores.mprg',41278,'{\"owner\": \"Lon Connelly\"}','2011-10-26 03:17:51','2020-04-27 14:02:48'),(6,1,6,'https://dropbox/vk/eveniet.jpeg',963799,'{\"owner\": \"Daisha Kuphal\"}','2011-07-29 09:20:44','2020-04-27 14:02:48'),(7,2,7,'https://dropbox/vk/et.mprg',408633786,'{\"owner\": \"Deven Weber\"}','2012-05-28 23:31:47','2020-04-27 14:02:48'),(8,3,8,'https://dropbox/vk/cumque.jpeg',1449205,'{\"owner\": \"Giovanni White\"}','2014-10-29 14:10:53','2020-04-27 14:02:48'),(9,3,9,'https://dropbox/vk/quia.avi',9002480,'{\"owner\": \"Lyla Schinner\"}','2010-06-01 04:37:07','2020-04-27 14:02:48'),(10,3,10,'https://dropbox/vk/ad.jpeg',483988,'{\"owner\": \"Clement Connelly\"}','2011-08-12 11:52:26','2020-04-27 14:02:48'),(11,1,11,'https://dropbox/vk/ex.jpeg',3805718,'{\"owner\": \"Sabrina Kuhic\"}','2011-10-23 17:57:39','2020-04-27 14:02:48'),(12,1,12,'https://dropbox/vk/natus.avi',14737,'{\"owner\": \"Shanelle Wolf\"}','2011-10-19 16:12:52','2020-04-27 14:02:48'),(13,3,13,'https://dropbox/vk/repellat.mprg',197146,'{\"owner\": \"Kendall Stoltenberg\"}','2014-01-12 18:36:17','2020-04-27 14:02:48'),(14,3,14,'https://dropbox/vk/nam.png',4788,'{\"owner\": \"Chadd Cole\"}','2012-09-13 18:41:50','2020-04-27 14:02:48'),(15,3,15,'https://dropbox/vk/voluptatem.avi',851898,'{\"owner\": \"Vicente Kuhic\"}','2011-08-19 12:42:21','2020-04-27 14:02:48'),(16,3,16,'https://dropbox/vk/accusantium.avi',658051,'{\"owner\": \"Adolfo Beier\"}','2013-05-11 18:59:39','2020-04-27 14:02:48'),(17,2,17,'https://dropbox/vk/facilis.jpeg',2447413,'{\"owner\": \"Jeffery Keebler\"}','2015-01-25 23:44:26','2020-04-27 14:02:48'),(18,2,18,'https://dropbox/vk/minus.avi',3354,'{\"owner\": \"Donnie Pollich\"}','2010-09-03 14:08:41','2020-04-27 14:02:48'),(19,3,19,'https://dropbox/vk/deleniti.jpeg',88886331,'{\"owner\": \"Isaias Moore\"}','2011-07-06 17:53:33','2020-04-27 14:02:48'),(20,2,20,'https://dropbox/vk/fugiat.mprg',1024,'{\"owner\": \"Raphael Spinka\"}','2013-08-27 07:26:49','2020-04-27 14:02:48'),(21,3,21,'https://dropbox/vk/consequatur.mprg',813576,'{\"owner\": \"Shyann Stracke\"}','2014-02-12 11:11:44','2020-04-27 14:02:48'),(22,1,22,'https://dropbox/vk/modi.mprg',6945,'{\"owner\": \"Rudolph Crist\"}','2011-05-30 22:18:20','2020-04-27 14:02:48'),(23,2,23,'https://dropbox/vk/perspiciatis.mprg',724564,'{\"owner\": \"Russell Krajcik\"}','2010-07-17 13:44:26','2020-04-27 14:02:48'),(24,3,24,'https://dropbox/vk/saepe.avi',15474750,'{\"owner\": \"Lydia Hilll\"}','2012-06-08 01:11:48','2020-04-27 14:02:48'),(25,1,25,'https://dropbox/vk/est.jpeg',638664,'{\"owner\": \"Warren Fadel\"}','2012-03-05 04:04:23','2020-04-27 14:02:48'),(26,1,26,'https://dropbox/vk/vitae.png',457749,'{\"owner\": \"Lincoln Mitchell\"}','2010-04-24 03:08:55','2020-04-27 14:02:48'),(27,1,27,'https://dropbox/vk/quisquam.mprg',1024,'{\"owner\": \"America Casper\"}','2013-04-10 07:34:55','2020-04-27 14:02:48'),(28,3,28,'https://dropbox/vk/omnis.avi',1009631,'{\"owner\": \"Doyle Schaefer\"}','2011-06-11 10:35:15','2020-04-27 14:02:48'),(29,2,29,'https://dropbox/vk/et.png',1024,'{\"owner\": \"Katlyn Leuschke\"}','2014-04-07 19:09:49','2020-04-27 14:02:48'),(30,2,30,'https://dropbox/vk/sed.jpeg',996567,'{\"owner\": \"Krystel McCullough\"}','2014-06-24 03:25:43','2020-04-27 14:02:48'),(31,3,31,'https://dropbox/vk/ut.avi',67541595,'{\"owner\": \"Ruby Labadie\"}','2010-12-22 06:51:04','2020-04-27 14:02:48'),(32,2,32,'https://dropbox/vk/dolores.jpeg',76588,'{\"owner\": \"Darrell Bernier\"}','2011-04-17 04:17:58','2020-04-27 14:02:48'),(33,3,33,'https://dropbox/vk/quod.jpeg',22868,'{\"owner\": \"Keara Grady\"}','2011-08-13 14:15:48','2020-04-27 14:02:48'),(34,2,34,'https://dropbox/vk/magnam.mprg',1024,'{\"owner\": \"Brittany Wolf\"}','2011-03-26 23:29:07','2020-04-27 14:02:48'),(35,3,35,'https://dropbox/vk/et.avi',122162,'{\"owner\": \"Beverly Strosin\"}','2010-07-18 02:33:25','2020-04-27 14:02:48'),(36,3,36,'https://dropbox/vk/eius.mprg',571916,'{\"owner\": \"Chaya Beer\"}','2011-10-12 11:43:49','2020-04-27 14:02:48'),(37,2,37,'https://dropbox/vk/neque.png',36998483,'{\"owner\": \"Gayle Luettgen\"}','2014-03-17 05:28:33','2020-04-27 14:02:48'),(38,2,38,'https://dropbox/vk/eum.mprg',1024,'{\"owner\": \"Elian Harris\"}','2013-04-26 23:43:22','2020-04-27 14:02:48'),(39,2,39,'https://dropbox/vk/aut.mprg',251390716,'{\"owner\": \"Leilani Conn\"}','2011-03-25 15:49:03','2020-04-27 14:02:48'),(40,3,40,'https://dropbox/vk/ad.avi',483097,'{\"owner\": \"Augusta Lemke\"}','2010-09-22 23:29:36','2020-04-27 14:02:48'),(41,3,41,'https://dropbox/vk/odio.avi',13420,'{\"owner\": \"Verner Klocko\"}','2013-12-24 13:28:43','2020-04-27 14:02:48'),(42,3,42,'https://dropbox/vk/magnam.avi',507655,'{\"owner\": \"Emmalee Abernathy\"}','2013-08-13 06:27:00','2020-04-27 14:02:48'),(43,2,43,'https://dropbox/vk/qui.mprg',689735,'{\"owner\": \"Lelia Schinner\"}','2014-06-25 22:11:14','2020-04-27 14:02:48'),(44,1,44,'https://dropbox/vk/accusantium.mprg',918780,'{\"owner\": \"Ora Herzog\"}','2013-05-05 14:12:04','2020-04-27 14:02:48'),(45,2,45,'https://dropbox/vk/eos.jpeg',989386,'{\"owner\": \"Hannah Daugherty\"}','2014-11-04 13:28:52','2020-04-27 14:02:48'),(46,3,46,'https://dropbox/vk/voluptates.jpeg',1024,'{\"owner\": \"Zoe Raynor\"}','2010-06-24 05:08:22','2020-04-27 14:02:48'),(47,1,47,'https://dropbox/vk/voluptatibus.avi',7957967,'{\"owner\": \"Zelma Koss\"}','2011-04-23 22:56:01','2020-04-27 14:02:48'),(48,1,48,'https://dropbox/vk/voluptas.mprg',8995,'{\"owner\": \"Fiona Rippin\"}','2012-02-15 22:24:10','2020-04-27 14:02:48'),(49,1,49,'https://dropbox/vk/ipsam.jpeg',3858,'{\"owner\": \"Jess Kreiger\"}','2011-07-06 09:42:09','2020-04-27 14:02:48'),(50,1,50,'https://dropbox/vk/laborum.avi',169067,'{\"owner\": \"Bettie Bergstrom\"}','2015-02-18 17:18:15','2020-04-27 14:02:48'),(51,3,51,'https://dropbox/vk/omnis.png',9600,'{\"owner\": \"Meta Collier\"}','2013-03-24 13:11:57','2020-04-27 14:02:48'),(52,1,52,'https://dropbox/vk/modi.avi',867725,'{\"owner\": \"Roger Ondricka\"}','2015-02-04 08:08:58','2020-04-27 14:02:48'),(53,3,53,'https://dropbox/vk/recusandae.jpeg',4319105,'{\"owner\": \"Neal Nader\"}','2013-04-15 13:37:19','2020-04-27 14:02:48'),(54,3,54,'https://dropbox/vk/enim.jpeg',72361,'{\"owner\": \"Bell Beer\"}','2011-09-25 14:56:26','2020-04-27 14:02:48'),(55,1,55,'https://dropbox/vk/ut.png',360470,'{\"owner\": \"Andreane Pollich\"}','2010-05-20 11:45:58','2020-04-27 14:02:48'),(56,1,56,'https://dropbox/vk/et.avi',34575583,'{\"owner\": \"Trevor Mertz\"}','2011-05-08 08:13:57','2020-04-27 14:02:48'),(57,3,57,'https://dropbox/vk/qui.png',189173,'{\"owner\": \"Rubie Sanford\"}','2011-10-31 16:39:44','2020-04-27 14:02:48'),(58,3,58,'https://dropbox/vk/ut.png',79186717,'{\"owner\": \"Gordon Ullrich\"}','2011-06-26 12:39:39','2020-04-27 14:02:48'),(59,2,59,'https://dropbox/vk/non.avi',3500,'{\"owner\": \"Ardella Graham\"}','2012-06-15 00:27:59','2020-04-27 14:02:48'),(60,2,60,'https://dropbox/vk/ratione.avi',1024,'{\"owner\": \"Lura Kutch\"}','2012-12-22 00:34:04','2020-04-27 14:02:48'),(61,2,61,'https://dropbox/vk/illum.png',854456,'{\"owner\": \"Shyanne Barrows\"}','2010-05-25 05:36:38','2020-04-27 14:02:48'),(62,2,62,'https://dropbox/vk/qui.jpeg',2514,'{\"owner\": \"Beulah Gislason\"}','2012-06-01 18:15:16','2020-04-27 14:02:48'),(63,3,63,'https://dropbox/vk/autem.mprg',41609,'{\"owner\": \"Collin Kuhic\"}','2014-06-06 03:44:00','2020-04-27 14:02:48'),(64,1,64,'https://dropbox/vk/molestiae.mprg',651391244,'{\"owner\": \"Aidan Bode\"}','2013-09-14 05:03:19','2020-04-27 14:02:48'),(65,3,65,'https://dropbox/vk/quis.mprg',813091924,'{\"owner\": \"Ebba Bernier\"}','2014-07-10 04:01:56','2020-04-27 14:02:48'),(66,2,66,'https://dropbox/vk/libero.jpeg',694761,'{\"owner\": \"Gilbert Lowe\"}','2013-07-31 13:43:02','2020-04-27 14:02:48'),(67,3,67,'https://dropbox/vk/enim.jpeg',40849,'{\"owner\": \"Angel Friesen\"}','2010-11-08 12:16:55','2020-04-27 14:02:48'),(68,3,68,'https://dropbox/vk/saepe.mprg',475162489,'{\"owner\": \"Dawson Crist\"}','2012-11-13 22:18:21','2020-04-27 14:02:48'),(69,2,69,'https://dropbox/vk/quia.jpeg',1024,'{\"owner\": \"Cora Stehr\"}','2011-09-01 05:28:59','2020-04-27 14:02:48'),(70,1,70,'https://dropbox/vk/rem.avi',900439,'{\"owner\": \"Annetta Hintz\"}','2015-02-13 14:40:33','2020-04-27 14:02:48'),(71,3,71,'https://dropbox/vk/magnam.mprg',4600157,'{\"owner\": \"Nettie Koss\"}','2014-09-12 00:55:53','2020-04-27 14:02:48'),(72,2,72,'https://dropbox/vk/architecto.png',51045865,'{\"owner\": \"Aurelia Kautzer\"}','2010-10-26 06:48:24','2020-04-27 14:02:48'),(73,2,73,'https://dropbox/vk/distinctio.avi',407912,'{\"owner\": \"Jordi Hahn\"}','2012-08-21 13:12:58','2020-04-27 14:02:48'),(74,1,74,'https://dropbox/vk/beatae.jpeg',7135574,'{\"owner\": \"Jannie Block\"}','2012-08-17 04:00:56','2020-04-27 14:02:48'),(75,2,75,'https://dropbox/vk/a.mprg',7215,'{\"owner\": \"Cornelius Shanahan\"}','2013-12-08 14:41:59','2020-04-27 14:02:48'),(76,2,76,'https://dropbox/vk/consectetur.mprg',8139288,'{\"owner\": \"Jessika Cummings\"}','2014-10-15 01:05:51','2020-04-27 14:02:48'),(77,3,77,'https://dropbox/vk/voluptates.avi',328244,'{\"owner\": \"Macie Pollich\"}','2013-01-19 03:51:09','2020-04-27 14:02:48'),(78,1,78,'https://dropbox/vk/et.jpeg',9163,'{\"owner\": \"Caden Simonis\"}','2011-03-08 13:39:53','2020-04-27 14:02:48'),(79,3,79,'https://dropbox/vk/architecto.png',45434,'{\"owner\": \"Jamil Goodwin\"}','2011-06-14 06:19:26','2020-04-27 14:02:48'),(80,1,80,'https://dropbox/vk/quo.png',285235505,'{\"owner\": \"Victor Huel\"}','2014-08-21 17:59:57','2020-04-27 14:02:48'),(81,1,81,'https://dropbox/vk/possimus.jpeg',407486,'{\"owner\": \"Katelyn Price\"}','2013-03-01 06:57:57','2020-04-27 14:02:48'),(82,3,82,'https://dropbox/vk/adipisci.avi',644036,'{\"owner\": \"Lesley Boyle\"}','2011-04-18 09:31:34','2020-04-27 14:02:48'),(83,1,83,'https://dropbox/vk/dolor.jpeg',68499,'{\"owner\": \"Guiseppe Wolf\"}','2014-04-27 04:09:42','2020-04-27 14:02:48'),(84,3,84,'https://dropbox/vk/qui.jpeg',42698,'{\"owner\": \"Benny Russel\"}','2011-04-05 17:17:53','2020-04-27 14:02:48'),(85,2,85,'https://dropbox/vk/omnis.mprg',2989,'{\"owner\": \"Zechariah Collier\"}','2015-03-06 03:02:53','2020-04-27 14:02:48'),(86,2,86,'https://dropbox/vk/ipsa.png',77276060,'{\"owner\": \"Marcelle Zemlak\"}','2010-08-10 10:00:39','2020-04-27 14:02:48'),(87,1,87,'https://dropbox/vk/quae.mprg',981033,'{\"owner\": \"Jaylon Feest\"}','2013-02-24 02:54:21','2020-04-27 14:02:48'),(88,2,88,'https://dropbox/vk/et.jpeg',1024,'{\"owner\": \"Allie Zboncak\"}','2013-08-30 20:08:32','2020-04-27 14:02:48'),(89,3,89,'https://dropbox/vk/doloribus.jpeg',767072,'{\"owner\": \"Coby Hand\"}','2011-12-31 00:23:42','2020-04-27 14:02:48'),(90,3,90,'https://dropbox/vk/ipsam.avi',1024,'{\"owner\": \"Judah Waelchi\"}','2015-02-06 17:45:47','2020-04-27 14:02:48'),(91,3,91,'https://dropbox/vk/quaerat.avi',882260,'{\"owner\": \"Rita Renner\"}','2013-05-17 04:45:34','2020-04-27 14:02:48'),(92,3,92,'https://dropbox/vk/ipsa.png',52513836,'{\"owner\": \"Lavon Walsh\"}','2010-08-23 02:17:38','2020-04-27 14:02:48'),(93,1,93,'https://dropbox/vk/et.png',55819265,'{\"owner\": \"Antonietta Osinski\"}','2011-01-09 04:21:42','2020-04-27 14:02:48'),(94,2,94,'https://dropbox/vk/voluptates.png',100085,'{\"owner\": \"Colleen Halvorson\"}','2011-01-04 08:46:20','2020-04-27 14:02:48'),(95,3,95,'https://dropbox/vk/quas.png',21466560,'{\"owner\": \"Lonzo Fisher\"}','2013-12-06 17:41:49','2020-04-27 14:02:48'),(96,3,96,'https://dropbox/vk/consequatur.jpeg',17738113,'{\"owner\": \"Sierra McDermott\"}','2011-11-15 03:48:23','2020-04-27 14:02:48'),(97,2,97,'https://dropbox/vk/sed.png',320525909,'{\"owner\": \"Breanne Gorczany\"}','2013-11-01 21:13:39','2020-04-27 14:02:48'),(98,1,98,'https://dropbox/vk/doloribus.jpeg',918173,'{\"owner\": \"Domenick Mann\"}','2014-08-29 09:24:37','2020-04-27 14:02:48'),(99,2,99,'https://dropbox/vk/repudiandae.png',1063493,'{\"owner\": \"Jairo Upton\"}','2011-06-11 15:17:11','2020-04-27 14:02:48'),(100,1,100,'https://dropbox/vk/et.png',843646,'{\"owner\": \"Ressie Lebsack\"}','2011-10-05 14:38:59','2020-04-27 14:02:48');
/*!40000 ALTER TABLE `media` ENABLE KEYS */;
UNLOCK TABLES;

--
-- Table structure for table `media_types`
--

DROP TABLE IF EXISTS `media_types`;
/*!40101 SET @saved_cs_client     = @@character_set_client */;
/*!50503 SET character_set_client = utf8mb4 */;
CREATE TABLE `media_types` (
  `id` int unsigned NOT NULL AUTO_INCREMENT,
  `name` varchar(255) CHARACTER SET utf8 COLLATE utf8_unicode_ci NOT NULL,
  PRIMARY KEY (`id`),
  UNIQUE KEY `name` (`name`)
) ENGINE=InnoDB AUTO_INCREMENT=4 DEFAULT CHARSET=utf8 COLLATE=utf8_unicode_ci;
/*!40101 SET character_set_client = @saved_cs_client */;

--
-- Dumping data for table `media_types`
--

LOCK TABLES `media_types` WRITE;
/*!40000 ALTER TABLE `media_types` DISABLE KEYS */;
INSERT INTO `media_types` VALUES (3,'audio'),(1,'photo'),(2,'video');
/*!40000 ALTER TABLE `media_types` ENABLE KEYS */;
UNLOCK TABLES;

--
-- Table structure for table `messages`
--

DROP TABLE IF EXISTS `messages`;
/*!40101 SET @saved_cs_client     = @@character_set_client */;
/*!50503 SET character_set_client = utf8mb4 */;
CREATE TABLE `messages` (
  `id` int unsigned NOT NULL AUTO_INCREMENT,
  `from_user_id` int unsigned NOT NULL,
  `to_user_id` int unsigned DEFAULT NULL,
  `community_id` int unsigned DEFAULT NULL,
  `body` text CHARACTER SET utf8 COLLATE utf8_unicode_ci NOT NULL,
  `is_important` tinyint(1) DEFAULT NULL,
  `is_delivered` tinyint(1) DEFAULT NULL,
  `created_at` datetime DEFAULT CURRENT_TIMESTAMP,
  PRIMARY KEY (`id`),
  KEY `messages_from_user_id_fk` (`from_user_id`),
  KEY `messages_to_user_id_fk` (`to_user_id`),
  KEY `messages_community_id_fk` (`community_id`),
  CONSTRAINT `messages_community_id_fk` FOREIGN KEY (`community_id`) REFERENCES `communities` (`id`),
  CONSTRAINT `messages_from_user_id_fk` FOREIGN KEY (`from_user_id`) REFERENCES `users` (`id`),
  CONSTRAINT `messages_to_user_id_fk` FOREIGN KEY (`to_user_id`) REFERENCES `users` (`id`)
) ENGINE=InnoDB AUTO_INCREMENT=101 DEFAULT CHARSET=utf8 COLLATE=utf8_unicode_ci;
/*!40101 SET character_set_client = @saved_cs_client */;

--
-- Dumping data for table `messages`
--

LOCK TABLES `messages` WRITE;
/*!40000 ALTER TABLE `messages` DISABLE KEYS */;
INSERT INTO `messages` VALUES (1,26,86,NULL,'Error optio cumque voluptates sunt pariatur. Neque ut dolores reprehenderit non amet. Placeat sapiente ducimus voluptatem ut quia nulla. Voluptatum quidem tempore maxime assumenda iusto quaerat et excepturi.',1,1,'2015-03-31 17:20:23'),(2,72,28,NULL,'Temporibus placeat blanditiis dolorem vel id debitis. Laborum deleniti nam temporibus quam. Consequatur minus vel sit ut omnis magnam. Porro dolorem debitis quis molestiae. Reiciendis distinctio similique qui officia.',1,1,'2015-05-27 06:04:46'),(3,16,NULL,15,'Architecto id in accusantium minima enim provident. Temporibus deserunt placeat eligendi sed ullam. Et quia suscipit alias fugit animi ut eum. Animi optio nemo dolor placeat pariatur soluta consequuntur.',0,1,'2016-03-06 09:28:21'),(4,72,10,NULL,'Deleniti cumque aut delectus distinctio. Ut nulla in reprehenderit pariatur. Qui dignissimos occaecati accusantium. Ea voluptatem veniam autem et illum laborum ut.',0,1,'2019-06-28 07:47:33'),(5,60,38,NULL,'Vel aut culpa corrupti et facere aut est optio. Reiciendis et similique ducimus ut fuga quos iusto. Aut autem omnis sed molestias voluptas. Minus labore ut eligendi consequuntur.',1,0,'2011-01-05 18:15:05'),(6,95,74,NULL,'Eaque modi nisi labore repudiandae exercitationem. Rem sit illo architecto quis quisquam et ratione. Autem et quia id ut doloribus quia aspernatur.',0,1,'2012-11-29 11:26:51'),(7,11,NULL,20,'Minus dicta facere assumenda repellendus nihil. Voluptatem et est necessitatibus eos unde consequatur neque. Aperiam et et reprehenderit ea veniam deserunt officia aut. Perspiciatis quisquam similique quaerat voluptas ut quos. Fuga consequuntur atque debitis rerum reprehenderit omnis.',1,1,'2019-08-13 20:59:46'),(8,2,NULL,13,'Quae omnis tenetur consequatur nihil nihil. Hic sed numquam dolorem eos ut ipsa est. Modi et inventore cupiditate soluta soluta non.',0,0,'2013-12-09 21:02:58'),(9,54,98,NULL,'Blanditiis tenetur aperiam error aut minima. Rerum et dolor exercitationem quod est quis suscipit cum. Sit blanditiis molestias consequatur impedit nihil. Dolore in eos sed laudantium ea error aliquam. Sed et cumque modi veniam in.',0,1,'2015-03-04 10:27:24'),(10,3,33,NULL,'Explicabo repudiandae enim labore odit repudiandae dolores doloribus culpa. Cum provident iure dolorem facilis. Et et aut omnis.',0,0,'2012-07-17 09:36:37'),(11,39,10,NULL,'Ullam quis optio ut facilis dolores. Voluptate fuga omnis qui velit ipsam consequatur. Tenetur sit veniam fuga a aliquam nemo odio.',1,1,'2018-04-01 16:57:26'),(12,46,NULL,5,'Modi expedita incidunt ad sed eum esse. Quaerat consectetur maiores non tempore ipsum molestiae autem repudiandae. Eum ratione sapiente deserunt impedit numquam.',1,0,'2017-07-20 03:03:56'),(13,85,NULL,7,'Praesentium ab omnis quia. Harum occaecati maiores deleniti et harum.',0,1,'2018-06-25 16:51:59'),(14,96,15,NULL,'Sit cumque non dolor vero dignissimos sit. Et unde cum consectetur voluptatibus. Non alias quia commodi delectus. Totam dolor nesciunt quia accusantium aut nulla. Dolorem assumenda soluta quisquam dolores minus.',0,0,'2013-10-02 19:55:51'),(15,86,28,NULL,'Ut facere ea quis velit blanditiis. Sunt et consectetur et libero sint eos mollitia. Eum necessitatibus facilis rerum magnam.',1,0,'2015-03-14 01:24:25'),(16,2,NULL,17,'Aut sit est et dolorem. Dolorem quas at consequatur adipisci.',1,1,'2018-08-23 23:31:52'),(17,84,2,NULL,'Enim consequuntur et exercitationem quae ut. In doloremque omnis dolorem possimus. Accusamus quia quidem earum incidunt nam.',0,1,'2020-01-28 08:59:22'),(18,92,22,NULL,'Et est qui et nisi aut et. A doloremque ut doloribus et voluptas voluptatum perferendis.',1,0,'2016-04-04 06:54:35'),(19,99,4,NULL,'Minus aut fugit saepe. Explicabo cupiditate eos ipsam odit. Reprehenderit rerum ipsum cumque consequuntur aperiam aut ex voluptate. Nulla est temporibus distinctio voluptatem vel.',1,0,'2012-11-08 03:03:57'),(20,82,37,NULL,'Commodi vero voluptatem placeat nihil itaque sapiente. Assumenda velit iure maxime ut dolorem suscipit. Rerum minima dolores deserunt officiis dolorem provident. Animi labore nesciunt doloribus.',1,0,'2014-07-16 11:13:45'),(21,52,18,NULL,'Debitis tenetur voluptate ex dolorum quam ipsam iusto. Occaecati deserunt fugit non rerum. Ea maiores doloremque excepturi aut accusantium.',1,1,'2010-08-11 07:16:35'),(22,51,84,NULL,'Corporis iste quia quaerat sapiente. Laboriosam enim iusto quis animi laboriosam qui.',0,1,'2015-09-28 21:06:41'),(23,50,65,NULL,'Soluta atque pariatur facilis voluptas nemo ut. Consectetur est velit aliquam velit. Commodi magnam aperiam reiciendis alias autem.',1,1,'2016-03-08 15:18:02'),(24,70,NULL,3,'Qui et ut perspiciatis. Est consequatur aut non ab voluptatibus consequuntur sint.',0,0,'2014-10-02 17:31:14'),(25,16,2,NULL,'Ex sed sint et et eaque expedita eos. Explicabo ex nemo velit ad quaerat quis. Est ullam hic aut labore enim quas id.',1,0,'2013-03-06 08:10:30'),(26,99,53,NULL,'Dolores nam et nihil quibusdam qui rem aut. Necessitatibus voluptatem temporibus aut. Sint necessitatibus explicabo nobis ullam dolore sint occaecati. Ut quis labore deleniti quaerat eaque. Recusandae alias cum reprehenderit autem.',0,0,'2017-01-28 08:54:47'),(27,9,NULL,5,'Fugiat deleniti dolores modi aut. Est qui nobis qui velit explicabo. Sapiente eos a perspiciatis totam ut et asperiores. Sint corporis laboriosam quia vel porro aut eum.',1,0,'2015-03-03 10:01:40'),(28,93,15,NULL,'Velit tempora excepturi aut facere quis expedita. Similique soluta accusamus nesciunt eaque. Quam hic assumenda natus ut eligendi. Ut ea odio iste officia corporis. Corrupti quam animi quo.',0,1,'2014-11-29 01:06:04'),(29,58,43,NULL,'Voluptas aspernatur sit alias minus excepturi quod placeat odio. Earum aut adipisci pariatur asperiores aliquam. Asperiores et sit mollitia est. In aspernatur nam quas voluptas.',0,0,'2015-01-04 23:41:31'),(30,56,100,NULL,'Et omnis reprehenderit et tempora quo eius occaecati. Ducimus voluptatibus tenetur natus explicabo neque id voluptate. Ab accusamus impedit et quod. Delectus officiis est doloremque sed.',0,1,'2016-02-13 19:34:21'),(31,8,63,NULL,'Cupiditate rem sit qui exercitationem fuga unde. Voluptas natus qui provident dicta unde maxime.',1,1,'2017-05-22 19:56:34'),(32,4,90,NULL,'Sit consequatur magnam id nesciunt eum neque voluptatum. Reprehenderit voluptas possimus ipsum eaque. Et saepe odit sit ea omnis. Qui possimus qui atque ratione et.',0,0,'2010-09-19 06:19:56'),(33,64,68,NULL,'Quia harum est aut sapiente voluptatem. Ut quod esse est quidem ea ipsa. Molestiae tenetur voluptatum nemo id. Sit nihil quisquam cumque tempore atque.',0,1,'2017-11-03 09:14:33'),(34,8,NULL,13,'Optio tempora aperiam dolor ipsam. Id et qui aut illum. Quia eum dolorem aut. Ipsa dolorem enim qui earum et quis numquam laborum.',1,1,'2019-09-30 01:34:14'),(35,39,91,NULL,'Rerum nesciunt excepturi et a blanditiis. Et itaque suscipit vitae. Omnis voluptate doloribus rerum laborum. Dicta nulla est quia ducimus et mollitia.',1,1,'2012-10-25 00:07:03'),(36,21,78,NULL,'Ut veniam ab ut cupiditate eum facilis aliquam. Amet ratione nesciunt ea nihil pariatur quia officia. Qui totam iure pariatur officia.',0,0,'2016-04-15 05:31:31'),(37,77,NULL,13,'Distinctio dolores sint et similique. Consectetur voluptatibus eveniet sed aut.',0,0,'2013-02-19 23:41:51'),(38,58,24,NULL,'Voluptas officia quia quod exercitationem culpa facere ut omnis. Doloremque tempora tenetur sit modi et natus. Eum sunt nulla inventore unde. Magni assumenda ut ipsum quia.',1,0,'2011-09-09 11:22:33'),(39,41,NULL,4,'Dolores voluptatem ut illo quae. Ea blanditiis hic qui ducimus omnis omnis accusamus voluptatem. Ipsam omnis molestias tenetur laborum optio est illo.',0,1,'2012-12-18 12:23:55'),(40,65,42,NULL,'Dolores animi explicabo mollitia adipisci. Et veniam repellendus ut. Dignissimos unde ut eveniet eaque qui consequatur exercitationem.',0,1,'2012-09-16 02:48:42'),(41,31,68,NULL,'Ut nobis et fugiat tempora ut vero soluta. Et laboriosam maiores deleniti. Sed officiis unde vel sint recusandae dolorem. Qui temporibus at dolores nesciunt.',1,1,'2017-10-15 16:31:43'),(42,20,NULL,2,'Unde deserunt rem voluptatem ut mollitia. Similique optio voluptatem dolores rem omnis qui. Optio voluptas provident officia perferendis quaerat quas. Nobis et amet qui ut illum et asperiores ea. Repellat neque quas rerum ratione porro.',0,1,'2017-08-19 04:00:49'),(43,52,32,NULL,'Tempore quis et suscipit ut id minus iusto ad. Aut modi facilis cumque sunt voluptate minima labore. Aliquid aperiam quae non et nisi.',0,1,'2016-03-07 06:34:18'),(44,70,35,NULL,'Sapiente et magni id velit. Hic temporibus eos maiores. Occaecati voluptas dolor libero provident ea maiores quas et. Cupiditate ea hic fuga deserunt aliquid sed aperiam.',1,0,'2019-05-20 04:38:03'),(45,2,81,NULL,'Maxime quam et ipsam aliquam qui. Ipsum totam optio est expedita sit excepturi aut. Doloremque delectus placeat ipsum illo doloribus molestias quis. Eum ut aspernatur sit quae fugiat aliquid dignissimos.',0,1,'2015-09-04 07:56:47'),(46,93,71,NULL,'Id quam sit reprehenderit asperiores ut earum iusto. Ab soluta rerum ab aut est. Rerum non modi occaecati placeat est consequuntur. Accusantium minima unde vel neque quo nam qui sit.',1,0,'2018-11-27 16:19:08'),(47,16,10,NULL,'Voluptatem quae aut velit debitis. Rerum repudiandae qui ducimus et eos aliquid. Consequatur minus modi aliquam laborum.',1,1,'2017-12-02 06:14:51'),(48,66,NULL,18,'Enim quia qui corrupti non error non. Magnam occaecati esse voluptatibus sint et non. Suscipit sit ad sed aut aut praesentium. Quas neque dolore doloribus voluptatem vel omnis nostrum.',0,1,'2011-01-08 03:24:45'),(49,5,NULL,2,'Eius id molestiae ut quos ad harum natus itaque. Laborum nihil sint dolores eligendi. Tempore ipsum placeat non voluptas odit beatae. Fugit cupiditate doloremque vel ratione in asperiores.',1,1,'2015-06-20 17:59:54'),(50,95,69,NULL,'Non occaecati qui dignissimos ullam ut pariatur libero illum. Quia et nostrum quisquam corrupti consequatur. Consequuntur dolorem nostrum earum doloremque reprehenderit. Blanditiis cumque earum quis enim provident aliquid ullam dignissimos.',0,0,'2010-04-25 09:40:54'),(51,20,16,NULL,'Aspernatur ad sed omnis eligendi accusantium maiores. Qui veritatis placeat voluptatem fugiat. Praesentium reprehenderit laborum vel quia harum quis.',1,0,'2010-10-13 10:14:46'),(52,78,54,NULL,'Rem sit quisquam deserunt sit tenetur laborum. Laudantium impedit eligendi non ducimus officiis autem. Odit tempora modi cumque in placeat. Reprehenderit ut non quisquam cupiditate quia minus temporibus.',0,0,'2013-10-28 00:00:43'),(53,35,NULL,18,'Aut consequatur explicabo eius odit quas id qui est. Odio inventore sunt eaque illo. Accusantium illum quia illum velit sunt quia odit. Asperiores natus temporibus vitae neque consequuntur aliquid. Aut laborum voluptatem asperiores odio.',0,0,'2011-05-26 15:17:47'),(54,15,72,NULL,'Id quia voluptatem architecto velit. Rerum quod eum libero velit illum. Debitis pariatur est quo omnis magnam.',0,0,'2014-05-25 07:29:40'),(55,7,NULL,20,'Ab voluptatem est amet. Quas non eveniet ducimus non. Repudiandae aliquam non ab praesentium dolores voluptatibus. Ducimus consectetur nemo ipsum alias.',0,1,'2012-06-06 17:52:10'),(56,28,23,NULL,'Dolorum dolores sint repellendus quos omnis sed. Totam iure voluptas voluptatem ut. Suscipit facere deleniti consectetur unde sit eligendi.',0,1,'2014-11-22 23:05:26'),(57,81,23,NULL,'Quo et consequuntur sed cupiditate vitae id. Assumenda veniam culpa ratione libero sunt quod. Quis autem maxime explicabo ex sed provident quisquam. Aut et autem iste ipsum illum aut in aut. Qui vitae nisi molestiae.',1,0,'2013-08-14 06:42:10'),(58,5,86,NULL,'Saepe atque quisquam quas soluta necessitatibus quod sit. Vel omnis magnam eius nisi explicabo repellendus tempore. Qui quisquam molestias velit in magnam et.',1,1,'2014-05-30 14:47:57'),(59,89,81,NULL,'Ratione numquam impedit cupiditate voluptatem est voluptate reiciendis. Et rerum corrupti recusandae et odio. Iste et officia molestiae velit quis est officiis.',0,1,'2014-02-19 09:13:30'),(60,30,1,NULL,'Qui qui minima voluptatem. Consequatur cumque sit provident dolor voluptates velit quas illo. Repellat voluptate quibusdam maiores id. Ut reiciendis et eum neque magnam et aut. Nihil natus iste ut sequi aut.',0,0,'2016-01-27 08:44:16'),(61,33,88,NULL,'Soluta qui ut dolores facere natus et aut. Animi eum vel et. Delectus qui expedita quia explicabo similique quia.',0,0,'2018-07-28 13:34:30'),(62,86,NULL,8,'Perferendis accusamus fuga sunt odio quis. Saepe veritatis ipsum soluta similique nam eius. Nisi dolorem sunt alias vitae qui qui autem.',0,1,'2011-05-19 23:03:44'),(63,88,34,NULL,'Eveniet officiis adipisci illum possimus in doloremque totam. Voluptatum eos enim sunt itaque blanditiis. Iste earum et velit deserunt. Expedita eius aliquam et laudantium repudiandae sit.',0,1,'2014-05-30 00:25:13'),(64,58,45,NULL,'Animi unde ipsa dolorem eligendi in. Unde aperiam dolorem et sint nisi tempora. Blanditiis minus architecto earum perspiciatis magni repellat quia saepe.',0,0,'2018-10-19 12:25:48'),(65,39,7,NULL,'Perferendis nam quo architecto non omnis doloremque enim. Autem eligendi quaerat aut ut corrupti. Praesentium quis error eum molestiae rerum inventore qui. Voluptatibus cum amet esse quas laudantium tempore quo sapiente.',1,1,'2012-12-31 19:37:04'),(66,78,93,NULL,'Deleniti dolores voluptate libero est et explicabo quaerat dignissimos. Ut non modi aut sit occaecati illum quis.',1,0,'2013-12-19 18:39:08'),(67,56,34,NULL,'Ipsum et labore sed sunt. Et enim aut sit qui magni id optio. Eos sunt non voluptas aut.',1,0,'2013-05-21 23:24:22'),(68,93,93,NULL,'Quia aut in sed. Totam sunt vel molestiae dolor aut. Quia nobis neque amet aut.',0,0,'2018-09-02 17:48:47'),(69,11,NULL,19,'Nobis adipisci sint omnis et ipsum. Dolores explicabo et fuga saepe ab. Iure ut voluptate sit earum id ut quae velit. Nihil beatae praesentium iusto sint rerum totam quo.',1,1,'2013-05-06 14:09:51'),(70,67,92,NULL,'Libero magnam labore rem aperiam molestiae a voluptates pariatur. Enim nihil consequatur aut dolorem asperiores et. Eius impedit sit sit fugit nesciunt a beatae. Quos est iure fugiat facere ut ea.',1,0,'2015-06-23 12:08:07'),(71,45,74,NULL,'Sit facere ea ullam laborum hic. Adipisci corrupti mollitia excepturi molestiae quisquam nostrum. Incidunt voluptatibus consectetur eveniet minima magni hic eveniet.',1,0,'2013-01-11 05:41:46'),(72,91,58,NULL,'Fugiat laborum porro praesentium voluptatem. Velit deserunt illum dolores id. Repudiandae necessitatibus suscipit molestias rem praesentium et excepturi.',0,1,'2011-04-03 21:43:03'),(73,56,NULL,10,'Blanditiis sunt sint beatae doloribus animi. Eius aut neque at et illo qui sit sed. Ipsa architecto dolorum odio est atque.',0,1,'2013-12-07 04:06:42'),(74,43,82,NULL,'Veritatis dolore dolorem consequatur atque. Veniam est officiis in ipsa. Aut maiores a quaerat nesciunt aut totam. Aliquam unde voluptatem pariatur est porro.',0,0,'2015-01-08 16:52:36'),(75,51,NULL,12,'Quisquam magnam eum veritatis harum laboriosam inventore eius voluptatibus. Laborum quis iure ad earum. Sint sed consectetur magni nostrum eos amet quis. Illum corrupti minima corporis.',1,1,'2013-02-22 20:04:56'),(76,56,37,NULL,'Aut repellat explicabo quisquam cupiditate nulla. Nam repudiandae dolor repudiandae voluptas saepe voluptas. Vel asperiores quas et eveniet sed. Sed accusamus quia corrupti quisquam natus modi.',1,1,'2017-09-10 10:46:50'),(77,26,93,NULL,'Eligendi ullam quae autem tenetur. Veritatis est suscipit laborum veniam quia et veniam. Minima facere asperiores earum itaque quibusdam. Aut et ut adipisci libero at omnis.',1,0,'2020-01-19 19:36:07'),(78,35,NULL,10,'Sint recusandae praesentium quia. Cumque est atque debitis.',0,0,'2014-07-26 15:31:10'),(79,67,47,NULL,'Quasi modi eligendi maxime vel rerum. Odio accusamus occaecati vel labore ab. Vitae et corrupti architecto. Quas eum voluptate ut voluptatibus provident voluptatem.',1,0,'2013-09-02 11:32:12'),(80,21,81,NULL,'Et accusamus amet deleniti repudiandae molestiae ad aspernatur distinctio. Impedit est laborum voluptatem facilis magni. Ipsam saepe quia occaecati corrupti.',1,0,'2016-09-01 07:32:48'),(81,18,NULL,14,'Maiores nostrum consequuntur sed magnam accusantium. Voluptatum ratione ex distinctio et aut minima et ad.',0,1,'2014-07-30 08:29:30'),(82,100,NULL,18,'Consequatur est tempora incidunt et voluptatem quidem qui. Magni et veniam repudiandae ut ratione est. Numquam qui aspernatur officia sit ab doloremque omnis.',1,1,'2013-11-13 03:46:30'),(83,52,70,NULL,'Quo minus qui voluptatem ad eos omnis. Eum inventore voluptates ipsum saepe aut ut perspiciatis. Facilis corporis esse omnis. Eius deleniti ut temporibus omnis animi adipisci.',1,0,'2013-06-29 21:05:01'),(84,37,14,NULL,'Deleniti maxime ut minima illo aliquid. Enim recusandae similique vitae omnis. Aliquid adipisci sint et nemo ut iure. Amet excepturi maxime placeat qui distinctio ea libero.',0,0,'2017-04-30 23:23:16'),(85,72,70,NULL,'Necessitatibus sunt voluptatum impedit quaerat amet voluptatum error explicabo. Qui ut assumenda dolorem expedita distinctio ipsam. Aut eveniet pariatur voluptatem suscipit ut similique quia reprehenderit. Necessitatibus eligendi corporis quis explicabo. Corporis reprehenderit asperiores aut qui accusantium minus.',0,1,'2011-11-18 10:44:32'),(86,31,39,NULL,'Omnis magnam voluptatem sint ut corrupti. Excepturi nihil harum est totam aut blanditiis quia. Corporis dignissimos accusamus tempora minus exercitationem.',1,0,'2011-04-23 00:31:15'),(87,29,17,NULL,'A neque fugit rerum ut et amet molestias. Ab deleniti et soluta voluptatem dolorem. Quia et temporibus quia quo voluptatem non.',1,1,'2012-07-04 03:23:49'),(88,94,17,NULL,'Maiores ea eum facilis non necessitatibus expedita. Laboriosam mollitia iure voluptatem sapiente quis. Est asperiores eaque temporibus id maxime. Quia adipisci quas quia soluta non unde vel nobis. Quibusdam est fugit quas at ea omnis ipsum numquam.',1,1,'2014-05-22 09:25:29'),(89,92,NULL,8,'Voluptatum est ad esse voluptates. Quia odio molestiae repellat corporis. Ex provident animi commodi totam. Aut et occaecati pariatur corporis voluptatibus.',0,0,'2016-03-01 10:39:59'),(90,77,NULL,8,'Sunt illum blanditiis vel quidem voluptatem. Fuga expedita vel voluptatum omnis. Sunt sed ad molestiae voluptatem ipsa. Et earum praesentium accusantium cupiditate assumenda maxime.',1,0,'2019-09-29 16:04:12'),(91,37,NULL,13,'Qui id et ab nihil sint perspiciatis laborum. Quas ducimus dolores vel sed.',0,1,'2018-11-16 11:17:20'),(92,52,17,NULL,'Molestiae magnam quas ad et aperiam eius corrupti. Unde sit impedit deserunt. Dolor culpa corporis iure delectus qui quia porro. Necessitatibus quia eius ea voluptatum beatae voluptatem nulla.',1,1,'2019-05-17 18:50:34'),(93,13,20,NULL,'Voluptatem ut quia ea consequatur. Quia modi error eos veritatis numquam voluptate iure. Libero delectus odit enim nihil est vel autem.',0,0,'2010-05-04 02:27:09'),(94,88,7,NULL,'Molestiae rerum necessitatibus non inventore harum exercitationem est eaque. Porro aut dolorem et totam. Recusandae dolor sint sit possimus minus delectus eveniet cumque.',1,0,'2016-05-22 00:06:46'),(95,36,15,NULL,'Nulla praesentium recusandae consequuntur et dolorem aliquid aut voluptatem. Eum minima est nulla consequuntur eos. Molestiae cum nam hic aperiam et eius dolore.',0,1,'2019-11-27 18:06:06'),(96,26,68,NULL,'Rerum quam autem explicabo earum totam autem vel ea. Sit neque temporibus quis eum dolor cumque nostrum numquam. Fuga tenetur voluptas reiciendis amet.',1,1,'2010-12-14 23:06:09'),(97,41,18,NULL,'Eum voluptas delectus necessitatibus voluptate. Voluptas quisquam dicta quos fuga omnis. Sequi in eaque reprehenderit in temporibus libero. Labore iusto et laudantium.',1,0,'2019-01-13 19:11:30'),(98,29,77,NULL,'Aut dolores omnis qui ea molestiae amet. Voluptatem architecto accusamus voluptate at ut inventore doloremque. Sit occaecati aut tempora voluptatem magnam laborum. Atque quae sit qui.',0,0,'2019-10-08 18:23:07'),(99,52,NULL,1,'Laudantium nihil itaque cum aut eligendi. Dolor numquam error voluptatem similique non nostrum. Qui beatae molestiae illum voluptas sunt qui ab. Et harum et dolores et officia omnis iusto ducimus.',0,1,'2010-05-05 13:43:12'),(100,42,97,NULL,'Et et sit repellat ea. Culpa suscipit qui at deleniti vitae. Consectetur libero doloremque ut molestiae.',0,1,'2014-12-20 21:25:52');
/*!40000 ALTER TABLE `messages` ENABLE KEYS */;
UNLOCK TABLES;

--
-- Table structure for table `posts`
--

DROP TABLE IF EXISTS `posts`;
/*!40101 SET @saved_cs_client     = @@character_set_client */;
/*!50503 SET character_set_client = utf8mb4 */;
CREATE TABLE `posts` (
  `id` int unsigned NOT NULL AUTO_INCREMENT,
  `user_id` int unsigned NOT NULL,
  `community_id` int unsigned DEFAULT NULL,
  `head` varchar(255) DEFAULT NULL,
  `body` text NOT NULL,
  `media_id` int unsigned DEFAULT NULL,
  `created_at` datetime DEFAULT CURRENT_TIMESTAMP,
  `updated_at` datetime DEFAULT CURRENT_TIMESTAMP ON UPDATE CURRENT_TIMESTAMP,
  PRIMARY KEY (`id`),
  KEY `posts_user_id_fk` (`user_id`),
  KEY `posts_community_id_fk` (`community_id`),
  KEY `posts_media_id_fk` (`media_id`),
  CONSTRAINT `posts_community_id_fk` FOREIGN KEY (`community_id`) REFERENCES `communities` (`id`),
  CONSTRAINT `posts_media_id_fk` FOREIGN KEY (`media_id`) REFERENCES `media` (`id`),
  CONSTRAINT `posts_user_id_fk` FOREIGN KEY (`user_id`) REFERENCES `users` (`id`)
) ENGINE=InnoDB AUTO_INCREMENT=101 DEFAULT CHARSET=utf8mb4 COLLATE=utf8mb4_0900_ai_ci;
/*!40101 SET character_set_client = @saved_cs_client */;

--
-- Dumping data for table `posts`
--

LOCK TABLES `posts` WRITE;
/*!40000 ALTER TABLE `posts` DISABLE KEYS */;
INSERT INTO `posts` VALUES (1,12,16,'quo','Cumque cupiditate dolorem laboriosam cumque. Consectetur laboriosam quis natus quasi. Officiis vero inventore sunt culpa fuga eius.',NULL,'2018-06-27 18:20:18','2020-05-04 16:13:49'),(2,35,NULL,'laudantium','Reprehenderit deserunt occaecati eum error. Molestiae est aut quo. Harum aliquid odio libero at.',NULL,'2014-02-09 04:36:09','2020-05-04 16:13:49'),(3,96,NULL,'sint','Vel est dolorem asperiores eos dolor. Et rerum earum fuga sapiente ut. Dolorem corrupti qui esse omnis est sequi explicabo.',73,'2015-01-28 11:00:02','2020-05-04 16:13:49'),(4,75,7,'nemo','Saepe maxime qui deserunt modi recusandae velit. Rerum enim sed corporis. Voluptate magni rerum vero sed adipisci ut reiciendis. Quisquam ut ut eaque autem sit cupiditate temporibus.',19,'2013-01-19 21:11:53','2020-05-04 16:13:49'),(5,19,NULL,'consequatur','Libero dolorem non et provident temporibus inventore quas. Voluptatum et ea non. Eum soluta perferendis doloremque suscipit. Explicabo velit quos veniam sit.',2,'2010-01-14 19:59:28','2020-05-04 16:13:49'),(6,9,NULL,'qui','Vero qui suscipit ullam facilis aliquam. Aut nobis ut porro perferendis. Voluptatibus est dicta blanditiis.',NULL,'2011-01-12 15:21:52','2020-05-04 16:13:49'),(7,34,NULL,'maxime','Deserunt laboriosam qui eum esse quis atque. Cupiditate enim dicta consequatur qui. Inventore adipisci in quia vel.',NULL,'2015-01-16 16:51:04','2020-05-04 16:13:49'),(8,24,4,'consequatur','A rerum exercitationem unde in totam. Praesentium iste facilis quia adipisci ullam deleniti. Officia doloremque enim placeat dolor repellat. Aperiam consequatur adipisci deserunt dolorem earum quia. Ut repudiandae voluptas velit accusantium et.',69,'2012-02-14 15:09:55','2020-05-04 16:13:49'),(9,42,2,'at','Harum ducimus sint vitae voluptatem aut quia repellat commodi. Accusantium laboriosam est et fugiat. Qui non accusantium et est eos quae.',51,'2015-06-23 20:16:34','2020-05-04 16:13:49'),(10,51,NULL,'minus','Aliquid nobis et iusto minus consequatur perspiciatis et. Voluptates sint et quaerat cupiditate quam voluptatem. Expedita et aut autem consectetur saepe esse dolor.',5,'2011-01-07 10:53:13','2020-05-04 16:13:49'),(11,10,10,'provident','Eligendi ut eaque et consectetur. Ut aut aut qui molestiae sint. Voluptatem maiores saepe quo sint voluptates aliquam quia. Voluptate soluta debitis id qui.',78,'2018-08-28 17:36:35','2020-05-04 16:13:49'),(12,23,NULL,'reiciendis','In delectus placeat aut vel voluptatem sed dolor. Cumque sed laboriosam qui quas sed. Molestiae quisquam distinctio est et fugiat id magni.',NULL,'2010-03-28 08:23:24','2020-05-04 16:13:49'),(13,85,NULL,'explicabo','Minus ut impedit eaque nemo sunt. Omnis qui totam non reiciendis et et necessitatibus. Dolores dolor vitae fuga voluptas error nostrum quibusdam.',62,'2015-03-18 08:07:23','2020-05-04 16:13:49'),(14,91,NULL,'porro','Quibusdam deserunt repellendus similique est sed earum. Et voluptatem dolorem a quis sint. Officia numquam assumenda nulla qui. Corrupti non sint temporibus ut excepturi doloribus quaerat.',90,'2015-05-03 18:26:54','2020-05-04 16:13:49'),(15,47,15,'voluptas','Et quod beatae eaque non excepturi molestiae. Suscipit velit velit voluptatibus fugiat eaque id. Perspiciatis consequatur voluptatum alias at qui nam laboriosam. Repellendus alias excepturi dolores et aut error.',NULL,'2011-01-20 19:52:31','2020-05-04 16:13:49'),(16,53,6,'nihil','Qui ad amet cumque non. Aspernatur explicabo ex ab consectetur voluptas odio vel iusto. Quam et cum aut.',15,'2019-04-05 20:02:02','2020-05-04 16:13:49'),(17,12,11,'voluptatibus','Laudantium et soluta autem id quis dolores odit tempora. Dolorum adipisci alias nisi corporis aut. Ipsa minus at accusantium aspernatur est.',54,'2013-02-20 17:32:45','2020-05-04 16:13:49'),(18,98,NULL,'aliquid','Natus debitis beatae ut nam ipsum dignissimos consequatur. Eos ratione sint dolor. Et autem cumque modi sed.',NULL,'2017-12-01 22:37:51','2020-05-04 16:13:49'),(19,56,NULL,'itaque','Explicabo ratione molestiae non ullam. Aut ipsam est ea nulla beatae facilis. Est quibusdam enim at et vitae incidunt nihil. Error et et voluptas officia et qui dolor.',NULL,'2010-03-05 15:31:09','2020-05-04 16:13:49'),(20,83,NULL,'cumque','Sint molestiae vero quibusdam et fugiat dolores ipsam nobis. Quas velit consequatur sit laboriosam et nostrum. Voluptatem sit ut incidunt repellendus quos.',68,'2017-02-11 09:42:22','2020-05-04 16:13:49'),(21,49,NULL,'dolorum','Cupiditate qui atque et at. Sequi ullam mollitia et necessitatibus distinctio quasi dolor. Vel accusamus dolores debitis et optio aut vero.',2,'2015-01-20 01:58:33','2020-05-04 16:13:49'),(22,69,20,'eveniet','Iure sapiente voluptas aut eius id tempore. Eos minus mollitia voluptatum fugiat nihil harum. Laboriosam sit voluptatem voluptatem quis iste laudantium exercitationem. Eos natus cumque aperiam necessitatibus perferendis enim.',34,'2013-12-01 05:45:46','2020-05-04 16:13:49'),(23,97,NULL,'consequatur','Voluptatum hic dolores laborum voluptate voluptatem. Excepturi sit quis perspiciatis dolorem libero est vel animi.',NULL,'2014-06-04 18:53:23','2020-05-04 16:13:49'),(24,34,11,'voluptatem','Unde corrupti consequatur minima dolor. Architecto et provident fugit ipsum libero consequatur. Voluptates ullam dolorem consequatur aliquid sit veniam autem aut.',NULL,'2010-05-17 04:09:48','2020-05-04 16:13:49'),(25,79,8,'soluta','Quae eos repellat tempore dolores qui nostrum. Facere odit minus enim neque sunt quia. Rerum laudantium recusandae minus libero rerum sed velit voluptate. Qui minima beatae magnam molestiae ipsam non provident.',NULL,'2018-08-04 10:08:58','2020-05-04 16:13:49'),(26,93,NULL,'enim','Aspernatur iure laudantium in velit ut similique eum eum. Quod eveniet voluptas rem unde omnis expedita. Voluptas et sapiente dolorem rerum voluptatem excepturi.',NULL,'2011-11-02 18:15:37','2020-05-04 16:13:49'),(27,26,10,'voluptas','Aut dolore officia quia ut sunt est nostrum. Excepturi atque accusamus maxime itaque perspiciatis.',NULL,'2013-05-30 08:51:20','2020-05-04 16:13:49'),(28,91,9,'porro','Omnis optio iure non non et nihil itaque. Qui deserunt maiores iure dolor. Eaque quis molestias qui sit quia consequatur nam. Aut quas non magni explicabo aperiam quia nostrum.',NULL,'2011-07-17 12:29:59','2020-05-04 16:13:49'),(29,52,NULL,'adipisci','Et et nam provident velit quo accusamus debitis vel. Maiores optio minima aspernatur aut ut est eveniet. Unde aut fugiat soluta et veritatis. Laborum in et quam ullam qui quod repellendus. Nulla officia et ipsam.',34,'2017-06-21 09:56:04','2020-05-04 16:13:49'),(30,58,6,'deserunt','Nostrum alias sint placeat amet. Voluptatem molestias quo qui eligendi veniam. Voluptate reprehenderit nihil alias enim velit explicabo. Ex sunt veritatis dolorem aut dignissimos.',84,'2012-09-25 16:10:34','2020-05-04 16:13:49'),(31,38,NULL,'commodi','Non porro at repellendus ut. Nisi eos recusandae et provident. Sit sequi qui et. Expedita maiores aut repellendus harum consectetur expedita.',24,'2011-04-05 23:04:48','2020-05-04 16:13:49'),(32,80,NULL,'amet','Voluptas error tempora debitis corrupti ut. Consequatur molestiae molestiae laudantium.',NULL,'2018-02-03 16:52:28','2020-05-04 16:13:49'),(33,43,11,'facere','Esse nisi iure cum repudiandae. Et velit voluptatem ullam exercitationem necessitatibus velit animi repellat. Fugit voluptatum aut quo mollitia.',34,'2016-09-08 18:08:05','2020-05-04 16:13:49'),(34,76,20,'quod','Quidem quod consequatur et laboriosam rem. Itaque labore error quasi numquam accusantium. Neque enim illum nihil maiores.',73,'2019-03-01 16:03:11','2020-05-04 16:13:49'),(35,51,NULL,'ratione','Ipsam soluta molestiae odio nostrum quia ipsum. Dolores illo officiis voluptates nemo qui aspernatur est neque. Repudiandae veniam aliquid quidem voluptas dolorem aperiam. Repudiandae perferendis necessitatibus omnis non dolore aut omnis.',86,'2015-10-03 01:51:51','2020-05-04 16:13:49'),(36,12,18,'harum','Quam nostrum aliquid aperiam impedit ex officia. Culpa quisquam minima temporibus modi. Quia quo voluptatem fugiat id pariatur est aut. Voluptatem suscipit omnis laborum amet eveniet.',58,'2011-04-11 10:09:50','2020-05-04 16:13:49'),(37,27,NULL,'eligendi','Aut et soluta quo dolor eligendi facilis iusto. Et aliquam et sint velit. Dolor sed vitae rerum non sint voluptatum. Recusandae et rerum et.',23,'2019-02-10 16:13:47','2020-05-04 16:13:49'),(38,17,12,'voluptas','Dolor est corporis enim iste at voluptates. Voluptatem dolorum tempore aut sed est explicabo voluptas. Ut non occaecati quibusdam quos distinctio nostrum esse. Perferendis quam cupiditate expedita velit voluptatum. Repellendus nobis similique debitis.',27,'2011-09-27 06:39:33','2020-05-04 16:13:49'),(39,61,NULL,'debitis','Recusandae sunt a sed praesentium aut minus. Eius rem occaecati quia. Non earum commodi qui laboriosam provident suscipit fugit.',NULL,'2011-05-08 04:36:36','2020-05-04 16:13:49'),(40,27,NULL,'quibusdam','At dolorum alias quia. Voluptatem rerum veritatis non omnis dolor laborum dolore. Exercitationem iure repudiandae ut sit delectus. Ab possimus error quidem rem vel error.',96,'2011-07-13 02:04:30','2020-05-04 16:13:49'),(41,82,NULL,'iste','Perspiciatis assumenda autem qui unde veniam assumenda et aliquam. Voluptas expedita minima quaerat nostrum nihil qui. Itaque libero ut est. Voluptates ipsum illum harum consequatur voluptas incidunt officia.',63,'2013-08-06 19:32:53','2020-05-04 16:13:49'),(42,14,1,'veniam','Facilis cupiditate dignissimos fuga alias. Labore et possimus inventore non alias. Magni cupiditate maiores natus culpa qui tenetur. Nemo aut est autem voluptatem enim. Eius voluptatem dignissimos et quae sit ipsa.',NULL,'2013-05-27 18:31:03','2020-05-04 16:13:49'),(43,38,NULL,'consequatur','Nulla sed vel et sunt nesciunt. Consequatur quasi eveniet id nihil est doloremque sed. Unde maiores sed et magnam neque.',NULL,'2016-03-22 07:56:44','2020-05-04 16:13:49'),(44,2,10,'est','Tempora et et rerum. Eaque sunt a et ducimus sint minima.',NULL,'2010-11-26 11:10:43','2020-05-04 16:13:49'),(45,70,NULL,'illum','Error nulla eos et alias earum occaecati est. Quos ex ut asperiores exercitationem assumenda sunt ex doloribus. Assumenda voluptatem nostrum id corrupti quo et sapiente aliquam. Voluptas nemo sed enim dolorem praesentium. Id itaque quibusdam error et.',29,'2015-11-05 08:03:31','2020-05-04 16:13:49'),(46,57,6,'sit','Quam et officia sint vel laudantium perferendis. Aliquam nobis voluptatum quia quod enim adipisci. Culpa eum minima et qui voluptate placeat dignissimos. Sapiente quibusdam porro ullam aspernatur repudiandae facere corrupti odit.',NULL,'2016-07-07 06:45:38','2020-05-04 16:13:49'),(47,31,6,'soluta','Sapiente aut ipsum nesciunt autem quas quidem sint sit. Magni deleniti dolore omnis earum pariatur illum. Pariatur recusandae ipsam porro id. Dicta doloribus vero sit distinctio.',NULL,'2015-01-16 09:37:46','2020-05-04 16:13:49'),(48,27,NULL,'minus','Non ipsa quo et architecto. Quis omnis velit architecto ut veniam. Esse nihil ut sint doloribus ea autem exercitationem sed.',55,'2015-09-01 03:52:07','2020-05-04 16:13:49'),(49,90,5,'ipsam','Omnis ab iste sed in iste ullam voluptate. Sed distinctio est aut dolor. Aut consequatur ut minima perspiciatis eligendi iste ullam.',NULL,'2013-03-15 15:27:23','2020-05-04 16:13:49'),(50,9,NULL,'possimus','Blanditiis officia et dicta aspernatur quidem. Dignissimos quia quaerat ratione tempora aut nam autem.',53,'2019-01-06 12:40:48','2020-05-04 16:13:49'),(51,69,5,'est','Deleniti fugiat earum magnam minus. Nisi architecto pariatur ipsum culpa. Accusantium amet et aspernatur sequi quos temporibus. Atque possimus repellat aliquid vel qui quia.',84,'2015-06-21 20:01:58','2020-05-04 16:13:49'),(52,75,9,'dolorem','Amet quia reiciendis est amet. Dolore perferendis non sed illo in rem quod assumenda. Dolores quo optio ea repellat. Est assumenda amet ut dolore placeat.',88,'2010-04-22 15:07:34','2020-05-04 16:13:49'),(53,65,1,'ab','Ut est nesciunt blanditiis omnis. Dolores enim error architecto facere veniam omnis corporis. Consequatur porro facilis incidunt aut sequi optio qui eos. Nulla veniam sit dignissimos vitae quas quasi.',NULL,'2015-02-12 10:32:09','2020-05-04 16:13:49'),(54,99,7,'voluptas','Ipsam qui nesciunt doloribus sunt fugit qui. Architecto itaque aliquid incidunt dolor ea nesciunt qui eligendi. Non ab corrupti accusantium perspiciatis.',53,'2014-08-31 11:18:13','2020-05-04 16:13:49'),(55,50,NULL,'suscipit','Cum vel quaerat quia voluptatem sit quis. Quasi aut vel enim voluptates dolor dolorem libero doloribus. Sed est itaque quod omnis dolores libero. Aspernatur veniam et ut ipsam.',20,'2017-12-21 19:54:46','2020-05-04 16:13:49'),(56,55,8,'ullam','Sed architecto iure minima. Exercitationem magni ea ut quia.',67,'2015-11-15 20:39:23','2020-05-04 16:13:49'),(57,1,16,'non','Autem maiores doloremque eum nam deserunt quasi aut. Consectetur quas pariatur alias qui qui dolores.',NULL,'2015-06-12 19:32:43','2020-05-04 16:13:49'),(58,8,15,'deserunt','Maxime ducimus eos ut quisquam esse. Doloremque assumenda nesciunt placeat rerum ut expedita incidunt. Eos qui consequatur voluptatem quia. Aspernatur deserunt vel ut.',NULL,'2019-08-11 11:45:39','2020-05-04 16:13:49'),(59,36,NULL,'temporibus','Expedita cupiditate eum dolorem et amet tenetur vero. Asperiores ea nisi omnis omnis temporibus vel voluptatibus. Facere facilis libero voluptatum provident tenetur.',62,'2011-09-18 01:10:15','2020-05-04 16:13:49'),(60,54,NULL,'et','Pariatur ratione et ipsum libero voluptas. Consectetur aliquam nulla magnam distinctio. Molestiae aut nobis eligendi veniam optio aut.',20,'2019-09-23 13:34:26','2020-05-04 16:13:49'),(61,34,NULL,'quos','Officia aut assumenda labore quos dignissimos vel omnis et. Dolore qui qui temporibus sed dicta pariatur eum possimus. Aut facilis commodi aut tempora.',NULL,'2013-07-03 20:21:36','2020-05-04 16:13:49'),(62,65,3,'nam','Doloremque placeat ratione iusto natus harum consequatur aut. Amet iste in corporis quod quos cumque ex dolorem. Et quo magni qui laborum recusandae. Vel a voluptas cumque quo.',39,'2018-05-04 08:04:52','2020-05-04 16:13:49'),(63,61,18,'commodi','Dolores dolores quia quo itaque expedita. Autem numquam fugit eos vel ut. Dolor nulla et nulla sed. Ullam eius recusandae illum tenetur ut nihil impedit.',NULL,'2011-03-08 06:19:41','2020-05-04 16:13:49'),(64,33,NULL,'non','Aut ullam id quidem nesciunt modi aliquid aliquid. Fugit est et qui voluptas qui. Qui dolorem nobis laudantium sed temporibus nesciunt.',NULL,'2010-11-21 07:23:57','2020-05-04 16:13:49'),(65,61,13,'incidunt','Iusto in et reprehenderit sint. Eaque eaque alias ratione harum delectus magnam sint.',NULL,'2010-11-24 18:00:52','2020-05-04 16:13:49'),(66,45,NULL,'non','Id accusantium quo qui id ea commodi sunt debitis. Similique qui fugit sed voluptas tempora delectus nihil voluptas. Non alias corrupti natus eos omnis tenetur tempora sit. Officia provident tenetur enim. Est deleniti ab fugiat nesciunt quidem.',NULL,'2011-10-28 20:52:42','2020-05-04 16:13:49'),(67,43,4,'ut','Ut est est deserunt laudantium similique. Aut dolorum reprehenderit dolores similique voluptatem consequuntur. Nihil et fuga fuga eum voluptas possimus officiis itaque. Magni dolor repellat sequi et commodi.',56,'2016-06-03 21:21:00','2020-05-04 16:13:49'),(68,74,NULL,'reiciendis','Magni magnam veniam dolore nulla. Eum nobis natus sit cupiditate consectetur dolorem aut. Voluptatem excepturi voluptatem distinctio.',99,'2016-08-24 23:07:05','2020-05-04 16:13:49'),(69,30,NULL,'officiis','Illum voluptatum et iure minima quaerat. Est fugiat voluptatibus veniam voluptatem labore et ratione. Consequatur dolores voluptas enim quaerat sint.',NULL,'2013-12-21 04:32:34','2020-05-04 16:13:49'),(70,21,NULL,'sed','Non dicta laboriosam aut eum ea maiores. Minima cum non sint temporibus. Dolorem debitis voluptatum non natus. Id aspernatur odit consectetur quo omnis.',83,'2019-11-28 20:21:46','2020-05-04 16:13:49'),(71,15,NULL,'quae','Atque veritatis nihil totam enim. Rem quia ducimus vel iusto. Dolor doloribus totam omnis voluptas quam. Qui eaque autem eligendi facilis placeat. Deleniti repellat libero sit sapiente soluta aut hic.',NULL,'2017-08-19 19:11:18','2020-05-04 16:13:49'),(72,97,NULL,'omnis','Et voluptas numquam consequatur. Provident dolor consequatur repudiandae necessitatibus. Fugit saepe a tempore.',26,'2018-06-10 10:51:20','2020-05-04 16:13:49'),(73,44,2,'quo','Rerum beatae assumenda numquam est. Eveniet at rem sed consectetur eos. Molestiae quia molestiae eum debitis enim.',64,'2019-04-20 20:42:58','2020-05-04 16:13:49'),(74,35,NULL,'et','Ex a et quibusdam amet excepturi quos magni. Dolorem quidem qui eius ipsam. Quibusdam odit possimus aliquid deserunt laudantium natus dolorem. Repellat deleniti dolorum suscipit consectetur.',NULL,'2011-03-09 23:01:00','2020-05-04 16:13:49'),(75,74,10,'eaque','Harum sequi aut eos odio incidunt qui. Tenetur est non et totam. Temporibus quam libero eaque sequi.',77,'2018-01-09 04:56:13','2020-05-04 16:13:49'),(76,59,NULL,'qui','Ut voluptatem eius sunt laborum quas est. Dolorem illo corrupti aut facere totam. Perspiciatis odit sed quis rerum est.',NULL,'2016-07-24 03:38:17','2020-05-04 16:13:49'),(77,11,NULL,'voluptatem','Tenetur saepe a autem distinctio autem dolore. Autem et ducimus ipsum enim velit. Quisquam omnis qui deserunt ea. Exercitationem necessitatibus voluptatem optio et sit magnam.',NULL,'2018-09-26 03:22:57','2020-05-04 16:13:49'),(78,72,3,'omnis','Ullam quam et voluptatem. Repellendus quaerat tenetur officiis dolorem sit autem voluptatem est. Perferendis ut a provident. Omnis voluptatum autem quia repellendus quod consequatur cumque.',39,'2013-12-29 07:00:01','2020-05-04 16:13:49'),(79,18,NULL,'ea','Saepe repellendus quidem pariatur. Alias velit at debitis. Vel non et quidem ut in.',77,'2013-10-04 20:51:26','2020-05-04 16:13:49'),(80,11,NULL,'quo','Et dicta ut quo ipsa pariatur. Repellendus dolorem voluptatem iste. Laborum quam dolores quia qui est id. Suscipit perferendis ipsa ducimus molestiae quis aut dolores.',NULL,'2016-10-25 09:17:15','2020-05-04 16:13:49'),(81,44,NULL,'harum','Ut consequuntur alias rem veritatis non. Commodi consequatur voluptatem quidem aperiam hic omnis voluptatem molestiae. In sunt exercitationem eligendi fuga. Dolorem sint qui qui velit perferendis architecto iure.',7,'2012-10-21 11:52:07','2020-05-04 16:13:49'),(82,19,NULL,'voluptates','Et hic libero qui non alias minima. Numquam pariatur necessitatibus laborum. Aut voluptatum ad impedit enim iure voluptatem eos vel. Voluptatem cumque vero pariatur veniam. Vero et et in perspiciatis quaerat ut.',NULL,'2013-07-30 03:28:59','2020-05-04 16:13:49'),(83,62,13,'recusandae','Amet ipsa corporis velit sapiente. Maiores odio velit nihil. Impedit quia qui officiis voluptas. Dignissimos quia earum qui quae nisi.',71,'2019-06-20 03:48:43','2020-05-04 16:13:49'),(84,38,11,'incidunt','Omnis voluptatem qui rerum reprehenderit nobis reiciendis. Molestias perferendis quia nihil et est fugiat. Doloremque quasi possimus libero dolore suscipit molestiae rerum.',98,'2016-08-08 11:36:50','2020-05-04 16:13:49'),(85,17,NULL,'ea','Odit rerum totam totam illum. Quo non aut quis.',NULL,'2014-08-13 23:38:10','2020-05-04 16:13:49'),(86,17,NULL,'dolorem','Provident repudiandae quos corrupti. Autem et officiis inventore dolores quia maiores quia recusandae. Natus ex voluptas incidunt quaerat est suscipit aut quae. Et reprehenderit reprehenderit dolorem provident laboriosam sapiente nemo. Sint dignissimos et minima at culpa facere.',NULL,'2013-04-10 07:20:31','2020-05-04 16:13:49'),(87,69,10,'dicta','Sit libero magnam culpa. Inventore doloremque aut aut est quia voluptatibus quia. Suscipit nam perferendis voluptatem voluptas. Voluptatum itaque voluptates est est et rerum corrupti. Dolore architecto qui voluptatem quaerat rerum harum.',NULL,'2012-07-07 12:48:14','2020-05-04 16:13:49'),(88,54,NULL,'ut','Ratione cumque a dolores iste nam cupiditate. Veritatis quo libero excepturi similique velit quia. Explicabo accusamus in tempore aspernatur id et. Debitis maiores repellat totam dolor.',45,'2012-10-03 16:59:47','2020-05-04 16:13:49'),(89,5,NULL,'quia','Repellat aliquid in accusamus incidunt. Aspernatur maiores sit ut qui ex. Accusantium voluptates et libero aperiam.',51,'2016-03-27 20:34:24','2020-05-04 16:13:49'),(90,9,NULL,'aut','Officiis magni sint nisi provident et sunt architecto. Et dolor ipsam saepe inventore dolorem est enim unde. Ea omnis cupiditate qui consequatur voluptas.',81,'2012-12-01 07:52:46','2020-05-04 16:13:49'),(91,82,NULL,'autem','Veritatis pariatur distinctio perspiciatis culpa explicabo inventore consectetur. Harum amet aut sint quia. Earum ea qui quasi nihil necessitatibus.',58,'2015-11-15 20:40:48','2020-05-04 16:13:49'),(92,65,NULL,'sit','Est minus dolore aut est. Officia qui omnis quam architecto. Omnis sapiente nulla qui illum blanditiis non consectetur. Dolorem qui velit sunt sapiente sed.',72,'2010-08-13 11:45:54','2020-05-04 16:13:49'),(93,50,NULL,'voluptate','Et asperiores neque totam voluptatum perferendis modi architecto. Quod sint quod fugiat. Fugit mollitia qui aut praesentium mollitia.',82,'2015-06-15 15:47:13','2020-05-04 16:13:49'),(94,96,NULL,'rem','Itaque autem expedita libero sed vero nemo occaecati. Est error id earum voluptatem itaque laboriosam sit. Voluptatum facere excepturi unde.',69,'2015-06-04 22:38:34','2020-05-04 16:13:49'),(95,23,18,'magni','Fuga facere illum suscipit nam dolor similique. Aut unde sequi eaque ut voluptas vel. Qui consequatur repudiandae deserunt. Eos quia doloribus architecto. Praesentium neque reiciendis adipisci doloribus reprehenderit id sed.',12,'2010-10-05 18:51:19','2020-05-04 16:13:49'),(96,35,18,'rerum','Voluptates omnis esse voluptatibus rerum. Enim itaque omnis velit soluta aut aut. Architecto ut saepe laborum quisquam dolores eum voluptatum quibusdam. Labore alias excepturi non voluptatem.',NULL,'2017-07-12 21:21:04','2020-05-04 16:13:49'),(97,3,NULL,'debitis','Velit aliquid quia illum ipsa maiores sit. Rem deleniti maiores error ab velit. Soluta et sequi qui quibusdam. Voluptatibus in expedita voluptas repellat ea quia dolore.',39,'2015-05-15 05:11:34','2020-05-04 16:13:49'),(98,21,8,'hic','Sint ut dolore repudiandae nam ut consequatur et. Reprehenderit labore recusandae architecto impedit et. Est debitis fugiat expedita amet neque suscipit. Consequuntur possimus labore nulla excepturi non.',NULL,'2014-04-01 10:54:47','2020-05-04 16:13:49'),(99,76,5,'quas','Laboriosam inventore consectetur veritatis modi voluptatem. Voluptas voluptatem error rerum voluptate. Non maiores aut quibusdam.',22,'2015-02-20 09:59:20','2020-05-04 16:13:49'),(100,87,18,'nobis','Placeat dolores adipisci adipisci et alias ad. Provident explicabo in odit quia. Tenetur sed qui maxime aut aut sit.',58,'2012-12-11 21:12:32','2020-05-04 16:13:49');
/*!40000 ALTER TABLE `posts` ENABLE KEYS */;
UNLOCK TABLES;

--
-- Table structure for table `profiles`
--

DROP TABLE IF EXISTS `profiles`;
/*!40101 SET @saved_cs_client     = @@character_set_client */;
/*!50503 SET character_set_client = utf8mb4 */;
CREATE TABLE `profiles` (
  `user_id` int unsigned NOT NULL,
  `gender` char(1) CHARACTER SET utf8 COLLATE utf8_unicode_ci NOT NULL,
  `birthday` date DEFAULT NULL,
  `city` varchar(100) CHARACTER SET utf8 COLLATE utf8_unicode_ci DEFAULT NULL,
  `country` varchar(100) CHARACTER SET utf8 COLLATE utf8_unicode_ci DEFAULT NULL,
  `photo_id` int unsigned DEFAULT NULL,
  PRIMARY KEY (`user_id`),
  KEY `profiles_photo_id_fk` (`photo_id`),
  CONSTRAINT `profiles_photo_id_fk` FOREIGN KEY (`photo_id`) REFERENCES `media` (`id`),
  CONSTRAINT `profiles_user_id_fk` FOREIGN KEY (`user_id`) REFERENCES `users` (`id`)
) ENGINE=InnoDB DEFAULT CHARSET=utf8 COLLATE=utf8_unicode_ci;
/*!40101 SET character_set_client = @saved_cs_client */;

--
-- Dumping data for table `profiles`
--

LOCK TABLES `profiles` WRITE;
/*!40000 ALTER TABLE `profiles` DISABLE KEYS */;
INSERT INTO `profiles` VALUES (1,'f','1977-06-06','New Pearlland','Malaysia',NULL),(2,'f','1990-02-20','Hettingertown','Saint Martin',2),(3,'m','1971-01-16','Boyleborough','Jersey',NULL),(4,'f','1976-07-21','Okunevabury','Micronesia',NULL),(5,'m','1976-10-24','South Kolby','Swaziland',NULL),(6,'f','1977-12-30','Veumfort','Burkina Faso',6),(7,'m','1976-05-17','South Artburgh','Greenland',NULL),(8,'f','1973-12-04','Jerometon','United States of America',NULL),(9,'f','1991-10-10','Zacheryfort','Sierra Leone',NULL),(10,'f','1990-03-07','Gulgowskiland','Philippines',NULL),(11,'f','1991-06-09','North Helmer','Vietnam',11),(12,'f','1991-07-10','New Mosheshire','Singapore',12),(13,'f','1985-12-30','Ivytown','Dominica',NULL),(14,'m','1974-11-05','North Dayanatown','Mongolia',NULL),(15,'f','1973-09-23','Vonmouth','Bangladesh',NULL),(16,'f','1985-05-08','Creolabury','Equatorial Guinea',NULL),(17,'m','1995-01-12','Purdyberg','United States Minor Outlying Islands',NULL),(18,'m','2000-02-03','East Yessenia','Taiwan',NULL),(19,'f','1971-10-18','Wymanville','Isle of Man',NULL),(20,'m','1989-03-25','Gibsonshire','Sao Tome and Principe',NULL),(21,'f','1994-08-09','Enachester','Tuvalu',NULL),(22,'f','1992-06-20','Macejkovicside','Denmark',22),(23,'f','1986-06-21','Turcottemouth','Senegal',NULL),(24,'f','1987-11-01','Ignaciofort','Uruguay',NULL),(25,'f','1992-12-02','East Cassie','Tokelau',25),(26,'m','1974-07-30','Port Warren','Montenegro',26),(27,'m','1977-05-05','Kirlinfurt','Venezuela',27),(28,'m','1971-07-13','Leannonton','South Africa',NULL),(29,'m','1999-03-15','West Rhoda','Korea',NULL),(30,'f','1984-12-29','Boylemouth','Lao People\'s Democratic Republic',NULL),(31,'f','1987-10-06','West Percival','Malawi',NULL),(32,'m','1971-07-21','Gerlachtown','Algeria',NULL),(33,'f','2000-03-21','Lake Gavinfort','Bosnia and Herzegovina',NULL),(34,'f','1978-04-08','Bergeport','Angola',NULL),(35,'m','1987-08-10','North Crawford','Uganda',NULL),(36,'m','1981-11-10','New Columbus','Singapore',NULL),(37,'f','1987-11-08','Zulaufland','Thailand',NULL),(38,'m','1982-12-04','Port Levishire','Bolivia',NULL),(39,'f','1982-05-29','West Zoie','Bolivia',NULL),(40,'f','1978-12-25','Arnoland','Australia',NULL),(41,'f','1992-01-19','New Anita','Jamaica',NULL),(42,'f','1991-10-06','Gibsonville','Mongolia',NULL),(43,'f','1976-12-24','Citlallistad','Holy See (Vatican City State)',NULL),(44,'f','1993-09-29','Esmeraldaton','Micronesia',44),(45,'m','1994-04-08','Wilkinsonfurt','Peru',NULL),(46,'m','1993-09-08','Lindside','Malta',NULL),(47,'m','1986-08-13','Demarcusbury','Grenada',47),(48,'m','1997-10-16','South Ginashire','Korea',48),(49,'f','1995-02-07','East Adrienberg','South Georgia and the South Sandwich Islands',49),(50,'m','1994-11-26','Adrienland','Guatemala',50),(51,'f','1996-10-29','Schneidermouth','France',NULL),(52,'m','1975-05-24','East Skye','Comoros',52),(53,'m','1987-11-02','Smithburgh','Fiji',NULL),(54,'m','1990-03-22','New Merlinmouth','Senegal',NULL),(55,'m','1986-08-26','Vitoside','Burundi',55),(56,'m','1974-05-13','Port Katherineland','Colombia',56),(57,'m','1980-03-19','Port Florianstad','Rwanda',NULL),(58,'f','1992-04-13','North Rosemarieborough','Nigeria',NULL),(59,'m','1993-11-29','DuBuqueville','Serbia',NULL),(60,'m','1971-03-13','Port Kirsten','Djibouti',NULL),(61,'f','1996-07-02','North Graysonfort','Yemen',NULL),(62,'f','1997-01-22','Taraview','Taiwan',NULL),(63,'m','1982-10-01','South Paulineborough','Guadeloupe',NULL),(64,'f','1972-10-21','Eloisamouth','San Marino',64),(65,'m','1993-04-02','Port Hertaside','Puerto Rico',NULL),(66,'f','1989-02-09','Mayerborough','Turkey',NULL),(67,'m','1981-10-29','Vonbury','Benin',NULL),(68,'f','1973-11-09','West Kayliberg','Svalbard & Jan Mayen Islands',NULL),(69,'f','1983-08-31','Port Rudolphmouth','Vanuatu',NULL),(70,'m','1992-09-23','Watersfort','Gibraltar',70),(71,'f','1990-11-10','Darwinbury','Congo',NULL),(72,'m','1986-06-17','New Neomahaven','Falkland Islands (Malvinas)',NULL),(73,'m','1975-07-16','Reichelland','Italy',NULL),(74,'m','1982-08-03','West Bertha','Cocos (Keeling) Islands',74),(75,'m','1984-09-16','New Rachelleview','Micronesia',NULL),(76,'m','1995-11-01','Port Tayaville','Slovakia (Slovak Republic)',NULL),(77,'f','1987-03-20','Veumbury','Mayotte',NULL),(78,'f','1988-11-02','Bednarview','Taiwan',78),(79,'f','1994-08-23','South Bettye','Sao Tome and Principe',NULL),(80,'f','1985-09-24','Fridachester','Cameroon',80),(81,'f','1989-09-26','West Diamondton','Egypt',81),(82,'m','1981-07-06','Fannieport','Seychelles',NULL),(83,'m','1980-11-24','Boganside','British Indian Ocean Territory (Chagos Archipelago)',83),(84,'f','1973-09-28','Port Uriahside','Sri Lanka',NULL),(85,'f','1994-12-13','Watsicamouth','Austria',NULL),(86,'m','1982-04-23','South Wendellmouth','Cyprus',NULL),(87,'m','1992-04-17','Rowehaven','Suriname',87),(88,'m','1994-06-09','Rayville','United Arab Emirates',NULL),(89,'f','1986-07-16','South Guy','Namibia',NULL),(90,'f','1985-06-19','Hilllfort','Saint Martin',NULL),(91,'f','1992-04-24','Croninfort','Bosnia and Herzegovina',NULL),(92,'f','1981-09-04','Wilhelmineside','Ethiopia',NULL),(93,'f','1982-10-13','Nadiaville','Turks and Caicos Islands',93),(94,'m','1998-02-26','North Lennie','Mexico',NULL),(95,'m','1976-02-08','New Timothy','India',NULL),(96,'m','1993-04-14','Mabelleland','Georgia',NULL),(97,'m','1998-11-17','Toreyville','Timor-Leste',NULL),(98,'f','1999-01-17','Delberthaven','Congo',98),(99,'m','1996-11-10','Johnsonbury','Syrian Arab Republic',NULL),(100,'m','1978-01-18','East Zachary','Burkina Faso',100);
/*!40000 ALTER TABLE `profiles` ENABLE KEYS */;
UNLOCK TABLES;

--
-- Table structure for table `target_types`
--

DROP TABLE IF EXISTS `target_types`;
/*!40101 SET @saved_cs_client     = @@character_set_client */;
/*!50503 SET character_set_client = utf8mb4 */;
CREATE TABLE `target_types` (
  `id` int unsigned NOT NULL AUTO_INCREMENT,
  `name` varchar(255) NOT NULL,
  `created_at` datetime DEFAULT CURRENT_TIMESTAMP,
  PRIMARY KEY (`id`),
  UNIQUE KEY `name` (`name`)
) ENGINE=InnoDB AUTO_INCREMENT=9 DEFAULT CHARSET=utf8mb4 COLLATE=utf8mb4_0900_ai_ci;
/*!40101 SET character_set_client = @saved_cs_client */;

--
-- Dumping data for table `target_types`
--

LOCK TABLES `target_types` WRITE;
/*!40000 ALTER TABLE `target_types` DISABLE KEYS */;
INSERT INTO `target_types` VALUES (1,'messages','2020-05-04 15:58:52'),(2,'users','2020-05-04 15:58:52'),(3,'media','2020-05-04 15:58:52'),(4,'posts','2020-05-04 15:58:52');
/*!40000 ALTER TABLE `target_types` ENABLE KEYS */;
UNLOCK TABLES;

--
-- Table structure for table `users`
--

DROP TABLE IF EXISTS `users`;
/*!40101 SET @saved_cs_client     = @@character_set_client */;
/*!50503 SET character_set_client = utf8mb4 */;
CREATE TABLE `users` (
  `id` int unsigned NOT NULL AUTO_INCREMENT,
  `first_name` varchar(100) CHARACTER SET utf8 COLLATE utf8_unicode_ci NOT NULL,
  `last_name` varchar(100) CHARACTER SET utf8 COLLATE utf8_unicode_ci NOT NULL,
  `email` varchar(120) CHARACTER SET utf8 COLLATE utf8_unicode_ci NOT NULL,
  `phone` varchar(120) CHARACTER SET utf8 COLLATE utf8_unicode_ci NOT NULL,
  `created_at` datetime DEFAULT CURRENT_TIMESTAMP,
  `updated_at` datetime DEFAULT CURRENT_TIMESTAMP ON UPDATE CURRENT_TIMESTAMP,
  PRIMARY KEY (`id`),
  UNIQUE KEY `email` (`email`),
  UNIQUE KEY `phone` (`phone`)
) ENGINE=InnoDB AUTO_INCREMENT=101 DEFAULT CHARSET=utf8 COLLATE=utf8_unicode_ci;
/*!40101 SET character_set_client = @saved_cs_client */;

--
-- Dumping data for table `users`
--

LOCK TABLES `users` WRITE;
/*!40000 ALTER TABLE `users` DISABLE KEYS */;
INSERT INTO `users` VALUES (1,'Valerie','Rolfson','katarina.powlowski@example.com','+05(1)1632861748','2015-01-06 16:46:17','2019-04-26 18:51:23'),(2,'Madilyn','Hessel','dave82@example.com','+85(5)4332968828','2013-12-12 04:32:55','2016-08-27 03:21:52'),(3,'Asa','Kirlin','schaden.michael@example.net','1-907-633-8838x264','2012-08-04 00:34:20','2017-01-03 23:01:25'),(4,'Reece','Lindgren','ohahn@example.org','192.987.2818x290','2013-11-10 13:28:08','2016-01-23 19:19:00'),(5,'Lon','Connelly','burdette.hahn@example.com','(260)880-9302x68402','2012-08-11 14:11:18','2017-03-05 16:29:49'),(6,'Daisha','Kuphal','mohamed24@example.net','(914)494-2955x82015','2011-10-14 11:16:25','2015-05-23 13:11:12'),(7,'Deven','Weber','wilton08@example.net','(190)039-8601x39358','2014-02-11 02:24:04','2017-07-24 03:54:31'),(8,'Giovanni','White','aufderhar.jonatan@example.org','927.525.1278','2013-04-24 15:54:30','2015-04-30 02:40:05'),(9,'Lyla','Schinner','marisa18@example.net','041.147.0325x95863','2013-10-05 17:53:04','2016-09-03 16:56:53'),(10,'Clement','Connelly','raynor.casimir@example.com','160.361.8959','2012-12-06 02:11:24','2019-08-15 03:29:59'),(11,'Sabrina','Kuhic','jmoore@example.net','(227)573-6258x864','2011-05-29 10:32:39','2018-02-11 06:03:47'),(12,'Shanelle','Wolf','andrew.haley@example.org','1-715-098-0012x8218','2014-03-31 19:12:42','2018-08-12 17:04:04'),(13,'Kendall','Stoltenberg','drake63@example.com','706-702-2242','2014-07-01 05:35:18','2018-06-05 07:16:38'),(14,'Chadd','Cole','ngrimes@example.org','(508)021-9729x671','2012-07-08 08:57:33','2016-10-04 02:17:52'),(15,'Vicente','Kuhic','elaina62@example.org','474.912.0309x21623','2012-09-28 18:27:39','2016-07-20 19:04:11'),(16,'Adolfo','Beier','marlon76@example.com','050.849.9506','2012-07-11 08:35:17','2018-01-21 18:53:21'),(17,'Jeffery','Keebler','chasity85@example.com','1-642-660-5816','2012-10-21 14:29:15','2016-07-07 23:50:51'),(18,'Donnie','Pollich','adolph67@example.org','03889887305','2012-08-18 10:48:11','2017-10-13 12:20:39'),(19,'Isaias','Moore','stroman.elena@example.org','055-020-2373x905','2014-05-17 22:36:29','2019-03-24 15:11:51'),(20,'Raphael','Spinka','alisa.wiza@example.com','(673)016-5678x94152','2014-02-06 23:30:55','2017-05-26 11:58:10'),(21,'Shyann','Stracke','rafael.hintz@example.com','845.091.6444','2011-02-09 17:34:16','2016-02-24 08:29:05'),(22,'Rudolph','Crist','rahul21@example.net','590-095-4969x4545','2014-10-03 08:07:32','2015-08-13 16:48:30'),(23,'Russell','Krajcik','brakus.colton@example.org','(606)834-3317x3808','2013-01-16 16:27:31','2019-07-02 17:52:23'),(24,'Lydia','Hilll','terrill07@example.org','1-598-967-2559x1453','2013-08-04 00:56:13','2018-09-15 21:54:51'),(25,'Warren','Fadel','toni73@example.com','571.360.2068x97770','2011-01-04 10:04:30','2017-04-09 11:37:31'),(26,'Lincoln','Mitchell','skirlin@example.org','1-671-188-9055x98974','2015-01-02 12:56:53','2018-08-05 18:34:13'),(27,'America','Casper','douglas.ricardo@example.net','250-735-9398','2010-09-11 22:57:24','2018-03-25 08:37:53'),(28,'Doyle','Schaefer','colin.larkin@example.net','(705)485-4459','2013-06-20 00:27:35','2016-10-30 05:27:45'),(29,'Katlyn','Leuschke','beth68@example.net','(587)630-2523','2010-10-31 01:55:35','2016-06-23 12:15:06'),(30,'Krystel','McCullough','kilback.gregg@example.org','+23(0)1524199087','2014-05-12 05:12:31','2020-02-18 05:21:27'),(31,'Ruby','Labadie','rodriguez.rory@example.org','437-120-4225','2013-09-05 21:51:30','2015-12-31 02:05:16'),(32,'Darrell','Bernier','fleta.dach@example.com','546.488.4144','2010-06-21 07:23:01','2015-08-10 06:54:21'),(33,'Keara','Grady','dare.ezra@example.org','1-258-686-4909','2014-10-27 06:01:16','2019-10-26 14:07:31'),(34,'Brittany','Wolf','edna89@example.net','(336)891-0679x45556','2015-04-11 20:28:47','2016-05-01 14:57:36'),(35,'Beverly','Strosin','edna.kilback@example.org','+38(9)3605226062','2014-08-09 03:42:39','2016-02-15 06:43:40'),(36,'Chaya','Beer','beth83@example.org','(462)231-5068','2013-04-05 02:56:34','2016-06-02 13:36:49'),(37,'Gayle','Luettgen','jayda37@example.org','1-491-114-5864x2197','2014-02-13 17:58:33','2016-11-13 22:09:06'),(38,'Elian','Harris','scottie99@example.com','108-769-8025x465','2013-05-10 14:45:11','2017-12-26 05:04:08'),(39,'Leilani','Conn','joy28@example.org','1-922-387-3560x6815','2012-01-30 10:20:32','2019-11-28 14:16:37'),(40,'Augusta','Lemke','flangworth@example.com','(729)440-5610x35412','2013-11-09 19:22:00','2019-06-26 12:32:28'),(41,'Verner','Klocko','jovan45@example.org','1-694-556-1214','2012-08-21 21:00:37','2017-03-31 00:50:13'),(42,'Emmalee','Abernathy','schuster.abdul@example.com','1-315-468-4691x743','2014-06-25 10:20:47','2017-11-13 19:38:08'),(43,'Lelia','Schinner','katelyn22@example.org','1-611-587-4824x1565','2013-07-06 15:56:05','2016-10-07 13:40:02'),(44,'Ora','Herzog','sydni31@example.com','1-589-686-7846','2010-10-03 11:34:14','2017-01-16 20:39:49'),(45,'Hannah','Daugherty','bkohler@example.org','(557)918-5370x20981','2014-05-05 15:39:12','2017-04-01 03:29:43'),(46,'Zoe','Raynor','mboehm@example.net','1-860-180-1483x2905','2011-10-12 08:51:54','2020-01-16 01:01:35'),(47,'Zelma','Koss','clare.aufderhar@example.com','00089037308','2011-08-26 15:12:27','2015-07-29 07:03:25'),(48,'Fiona','Rippin','reichel.bertrand@example.org','(371)458-3642x9975','2013-11-29 06:21:48','2019-09-24 20:35:09'),(49,'Jess','Kreiger','abdiel63@example.net','(113)911-9505x3320','2013-12-27 08:29:48','2017-03-19 16:11:07'),(50,'Bettie','Bergstrom','isadore.connelly@example.net','870.348.8608','2011-03-06 02:08:04','2019-07-02 00:11:03'),(51,'Meta','Collier','assunta.stanton@example.org','1-867-397-5492x169','2010-08-23 19:25:02','2020-01-05 17:10:25'),(52,'Roger','Ondricka','demarcus.armstrong@example.com','987-635-2526x36045','2010-10-28 05:20:52','2016-05-31 02:18:42'),(53,'Neal','Nader','polly31@example.net','+51(9)1068457266','2010-09-11 22:22:13','2019-10-21 05:41:11'),(54,'Bell','Beer','werner03@example.com','1-118-032-5018x397','2011-09-10 20:39:34','2016-05-14 01:29:56'),(55,'Andreane','Pollich','august87@example.com','039-864-0157','2013-06-04 06:02:40','2016-03-01 03:24:42'),(56,'Trevor','Mertz','okuneva.sallie@example.net','776-594-0489x8227','2015-02-24 07:56:06','2015-05-15 13:03:37'),(57,'Rubie','Sanford','ijacobs@example.org','555-029-8030x9773','2012-02-13 06:02:20','2017-01-18 12:54:03'),(58,'Gordon','Ullrich','rbrown@example.org','958.593.5565','2012-08-03 10:28:01','2020-02-22 00:23:08'),(59,'Ardella','Graham','madisyn80@example.com','525-095-3229x465','2012-05-19 17:31:17','2018-06-18 08:34:54'),(60,'Lura','Kutch','lenore.blick@example.net','1-467-373-9882x0704','2013-12-31 02:14:11','2019-06-07 05:34:01'),(61,'Shyanne','Barrows','bwest@example.com','1-349-240-7316x99809','2014-03-05 22:19:49','2018-10-18 12:14:26'),(62,'Beulah','Gislason','crystal57@example.org','(781)160-2396x0279','2014-04-21 05:15:43','2018-10-15 10:33:45'),(63,'Collin','Kuhic','qmckenzie@example.org','549-656-8202x617','2014-12-30 04:14:40','2020-02-25 00:43:27'),(64,'Aidan','Bode','feeney.donavon@example.com','628.709.5323','2010-06-16 00:41:40','2016-11-24 04:19:23'),(65,'Ebba','Bernier','madonna91@example.com','689.101.5618','2013-07-04 07:14:52','2018-02-21 01:56:44'),(66,'Gilbert','Lowe','bcartwright@example.net','(009)990-2560','2014-07-13 04:38:14','2015-11-02 15:50:12'),(67,'Angel','Friesen','predovic.ella@example.com','(051)633-6322x676','2012-04-22 00:45:50','2015-12-22 10:51:28'),(68,'Dawson','Crist','veda.mills@example.org','786.469.3699','2013-06-27 19:37:38','2017-06-26 18:31:23'),(69,'Cora','Stehr','lrath@example.com','696.073.9017x0893','2011-07-02 22:47:57','2016-08-09 16:06:51'),(70,'Annetta','Hintz','brant35@example.net','1-880-715-6070x2625','2013-06-30 20:31:28','2020-03-20 04:05:37'),(71,'Nettie','Koss','hellen98@example.com','075-265-8543x9723','2011-11-14 07:15:30','2018-05-28 05:48:40'),(72,'Aurelia','Kautzer','nbergstrom@example.com','341.879.4993','2011-10-21 22:37:17','2019-01-19 04:55:37'),(73,'Jordi','Hahn','ghills@example.org','1-489-379-6679x5928','2012-11-19 00:56:45','2018-07-23 21:34:30'),(74,'Jannie','Block','mossie16@example.org','550.702.3349x2699','2010-04-24 20:34:19','2017-12-21 08:54:33'),(75,'Cornelius','Shanahan','jalyn.schamberger@example.com','1-361-178-7260','2010-08-12 06:02:58','2017-11-29 04:30:23'),(76,'Jessika','Cummings','fhand@example.net','(778)443-0898x868','2013-01-06 04:54:21','2016-11-02 02:41:30'),(77,'Macie','Pollich','marcelle47@example.com','(485)799-3122x591','2014-02-09 17:40:33','2018-04-10 10:04:09'),(78,'Caden','Simonis','novella.sawayn@example.net','536-739-6700','2014-02-05 04:29:58','2017-05-14 04:47:59'),(79,'Jamil','Goodwin','arne.orn@example.com','1-702-880-7935x73261','2011-11-08 08:51:38','2018-10-01 19:32:58'),(80,'Victor','Huel','khalil.funk@example.net','(160)863-7536x1578','2013-08-13 14:33:13','2017-03-16 14:35:32'),(81,'Katelyn','Price','jamil.walter@example.com','(644)721-3383','2014-11-02 22:47:36','2019-05-13 06:17:38'),(82,'Lesley','Boyle','iblanda@example.org','(289)419-2541x1184','2011-01-24 17:23:09','2017-08-20 18:22:44'),(83,'Guiseppe','Wolf','mclaughlin.vilma@example.net','724-078-9548','2012-09-06 06:12:51','2018-11-18 02:50:30'),(84,'Benny','Russel','wraynor@example.com','1-927-068-4983','2013-01-09 21:39:08','2018-01-21 01:08:00'),(85,'Zechariah','Collier','ytorphy@example.com','(193)908-8289','2014-07-05 19:00:24','2017-11-12 21:32:49'),(86,'Marcelle','Zemlak','tschiller@example.net','(041)814-7372x42643','2011-05-23 22:45:28','2017-02-28 22:54:38'),(87,'Jaylon','Feest','barton.bergstrom@example.org','540-664-1198x6158','2010-10-18 10:51:03','2015-10-22 14:28:30'),(88,'Allie','Zboncak','mueller.hassan@example.net','687.354.1269x73520','2011-11-16 15:25:40','2016-06-29 22:33:57'),(89,'Coby','Hand','berenice.d\'amore@example.org','1-400-131-1237x50058','2012-06-27 11:01:56','2017-11-30 01:52:23'),(90,'Judah','Waelchi','oweimann@example.com','+99(1)5803614730','2010-11-07 17:37:07','2015-04-25 20:32:58'),(91,'Rita','Renner','pconsidine@example.com','(921)948-7627','2014-04-10 06:28:23','2019-10-20 16:08:34'),(92,'Lavon','Walsh','borer.lurline@example.net','1-723-454-1720','2013-12-03 03:09:50','2017-05-21 21:26:46'),(93,'Antonietta','Osinski','tgerhold@example.net','(581)758-5225','2013-08-12 14:59:11','2017-10-22 09:40:43'),(94,'Colleen','Halvorson','kenyon.ruecker@example.net','1-466-150-2081','2013-01-31 14:54:14','2016-12-20 12:29:07'),(95,'Lonzo','Fisher','fidel86@example.org','1-086-605-8858x90016','2010-12-16 07:32:07','2017-08-04 11:43:01'),(96,'Sierra','McDermott','sydney23@example.com','169-812-0169','2011-08-11 07:48:22','2015-08-12 23:38:50'),(97,'Breanne','Gorczany','dexter98@example.com','01596797833','2011-04-02 19:34:14','2019-08-15 03:56:04'),(98,'Domenick','Mann','balistreri.isadore@example.com','(050)111-3252','2015-02-04 04:07:52','2019-06-22 20:37:27'),(99,'Jairo','Upton','vzemlak@example.net','(616)451-2802x0176','2014-08-24 13:21:34','2016-05-31 01:18:44'),(100,'Ressie','Lebsack','ullrich.melvina@example.com','06001550745','2014-10-02 18:59:34','2016-04-17 14:28:13');
/*!40000 ALTER TABLE `users` ENABLE KEYS */;
UNLOCK TABLES;
/*!40103 SET TIME_ZONE=@OLD_TIME_ZONE */;

/*!40101 SET SQL_MODE=@OLD_SQL_MODE */;
/*!40014 SET FOREIGN_KEY_CHECKS=@OLD_FOREIGN_KEY_CHECKS */;
/*!40014 SET UNIQUE_CHECKS=@OLD_UNIQUE_CHECKS */;
/*!40101 SET CHARACTER_SET_CLIENT=@OLD_CHARACTER_SET_CLIENT */;
/*!40101 SET CHARACTER_SET_RESULTS=@OLD_CHARACTER_SET_RESULTS */;
/*!40101 SET COLLATION_CONNECTION=@OLD_COLLATION_CONNECTION */;
/*!40111 SET SQL_NOTES=@OLD_SQL_NOTES */;

-- Dump completed on 2020-05-04 18:25:22
